Workbook

Sheet مصفوفة الربط
A1: م | B1: اسم المشروع | C1: هدف البنية المؤسسية المرتبط | D1: هدف التحول الرقمي المرتبط | E1: مبادرة التحول الرقمي المرتبطة | F1: الفجوات المرتبطة | G1: المتطلبات المرتبطة | H1: وصف المشروع | I1: فوائد المشروع | J1: المشاريع المرتبطة | K1: الإدارة المالكة للمشروع | L1: المورد / المقاول | M1: مجال المشروع | N1: طبيعة المشروع (رأسمالي/تشغيلي) | O1: الأولوية | P1: تاريخ بداية المشروع | Q1: تاريخ نهاية المشروع | R1: حالة المشروع | S1: نسبة الإنجاز % | T1: التكلفة (ريال)
A2: 1 | B2: مشروع تجديد رخصة منتجات مايكروسوفت | C2: 2. تعزيز الكفاءة التشغيلية وكفاءة الإنفاق 4. دعم تحسين تجربة المستفيد 5. تعزيز الحوكمة المؤسسية | D2: 1. الامتثال للسياسات ذات العلاقة بمجال البيانات والتحول الرقمي الناشئ من أنظمة الهيئة وخدماتها، ومع تعزيز الاستفادة من البيانات والأنظمة لدعم أعمال الهيئة 5. تحقيق التميز في تقديم الخدمات الرقمية من خلال التوسع في رقمنة الخدمات، وتحسين تجربة المستفيدين بما يضمن الامتثال لمعايير الحكومة الرقمية 6. تنظيم الاستفادة من البنية التحتية التقنية بما يضمن استمرارية الأعمال وحوكمة الكفاءة التشغيلية | E2: ترشيد الإنفاق التقني وإدارة الرخص بفعالية ◂ 2. مبادرة الجاهزية التشغيلية واستمرارية الأعمال | F2: GAP-D-03، GAP-D-11، GAP-D-12، GAP-T-12 | G2: BR18، TR03 | H2: تجديد رخصة مننتجات مايكروسوفت — مشروع تجديد رخصة منتجات مايكروسوفت | I2: ضمان استمرارية دعم الأنظمة الحيوية. الحفاظ على الأمان والتحديثات. الامتثال للمتطلبات القانونية والترخيصية. تقليل مخاطر انقطاع الخدمة أو الثغرات. | J2: • تجديد دعم منتجات مايكروسوفت بريمير ( تجديد عقد ) • مشروع شراء وتجديد رخص البرامج في هيئة تقويم التعليم والتدريب • مشروع تنفيذ بند تشغيل وصيانة البنية التقنية لمنافسة مشروع تشغيل وصيانة البنية التقنية والبيانات وتطبيق الذكاء(تجديد العقد) | K2: الإدارة العامة لتقنية المعلومات | L2: — | M2: التقنية | N2: تشغيلي | O2: متوسطة | P2: 45778 | Q2: 46874 | R2: قائم | S2: 5 | T2: 2500000
A3: 2 | B3: تجديد دعم منتجات مايكروسوفت بريمير ( تجديد عقد ) | C3: 2. تعزيز الكفاءة التشغيلية وكفاءة الإنفاق | D3: 1. الامتثال للسياسات ذات العلاقة بمجال البيانات والتحول الرقمي الناشئ من أنظمة الهيئة وخدماتها، ومع تعزيز الاستفادة من البيانات والأنظمة لدعم أعمال الهيئة 6. تنظيم الاستفادة من البنية التحتية التقنية بما يضمن استمرارية الأعمال وحوكمة الكفاءة التشغيلية | E3: ◂ 2. مبادرة الجاهزية التشغيلية واستمرارية الأعمال | F3: GAP-A-05، GAP-T-12، GAP-T-14 | G3: AR07، BR10، TR03 | H3: تجديد رخص دعم مايكروسوفت بريمير | I3: استمرارية دعم الأنظمة الحيوية • الحفاظ على الأمان والتحديثات • الامتثال للمتطلبات التعاقدية | J3: • مشروع تجديد رخصة منتجات مايكروسوفت • تجديد رخص أنظمة • تأمين خدمة الرسائل النصية لهيئة تقويم التعليم والتدريب (تجديد العقد) | K3: — | L3: — | M3: التقنية | N3: تشغيلي | O3: متوسطة | P3: 46183 | Q3: 47300 | R3: لم يبدأ | S3: 0 | T3: 5000000
A4: 3 | B4: توريد أجهزة الجدار الناري والرخص الخاصة بها | C4: 2. تعزيز الكفاءة التشغيلية وكفاءة الإنفاق | D4: 1. الامتثال للسياسات ذات العلاقة بمجال البيانات والتحول الرقمي الناشئ من أنظمة الهيئة وخدماتها، ومع تعزيز الاستفادة من البيانات والأنظمة لدعم أعمال الهيئة 6. تنظيم الاستفادة من البنية التحتية التقنية بما يضمن استمرارية الأعمال وحوكمة الكفاءة التشغيلية | E4: ◂ 3. مبادرة تعزيز كفاءة واستدامة البنية التحتية التقنية | F4: GAP-T-11، GAP-T-12 | G4: AR07، BR10، TR03 | H4: لايوجد نطاق او وصف | I4: استمرارية دعم الأنظمة الحيوية • الحفاظ على الأمان والتحديثات • الامتثال للمتطلبات التعاقدية | J4: • توريد وتركيب وترقية أجهزة موزع الأحمال والرخص الخاصة بها | K4: — | L4: — | M4: التقنية | N4: رأسمالي | O4: متوسطة | P4: 24/7/2023 | Q4: 24/7/2026 | R4: قائم | S4: 0 | T4: 10297790
A5: 4 | B5: تقديم الخدمات الاستشارية لقطاع البيانات والتحول الرقمي | C5: 1. دعم اتخاذ القرارات 2. تعزيز الكفاءة التشغيلية وكفاءة الإنفاق 3. تمكين التحول الرقمي | D5: 1. الامتثال للسياسات ذات العلاقة بمجال البيانات والتحول الرقمي الناشئ من أنظمة الهيئة وخدماتها، ومع تعزيز الاستفادة من البيانات والأنظمة لدعم أعمال الهيئة 3. تعزيز الابتكار الرقمي المؤسسي من خلال استثمار التقنيات الناشئة والتحليلات المتقدمة والذكاء الاصطناعي لتطوير حلول رقمية فعّالة لدعم جودة التقويم والتعليم والتدريب، وتسهم في تحسين الكفاءة التشغيلية وتجربة المستفيد 4. بناء قدرات رقمية وطنية وتمكين الكفاءات المتخصصة والعامة في مجال البيانات والتحول الرقمي، من خلال مسارات تدريبية مستهدفة متوافقة مع معايير بناء الكفاءات | E5: تنفيذ خطة التحول الرقمية وتطبيقها ◂ 3. مبادرة تعزيز كفاءة واستدامة البنية التحتية التقنية | F5: GAP-B-14، GAP-B-28، GAP-T-15، GAP-T-19 | G5: AR05، AR08، BR06 | H5: تقديم الاستشارات و تقييم الوضع الراهن لقطاع البيانات و التحول الرقمي وإعداد الهيكلة التنظيمية و السياسات وتقديم التوصيات للتحديات التي تواجه القطاع بهدف تحسين أداءه والامتثال للأنظمة الحكومية والتعاميم والقرارات ذات العلاقة الخاصة بالتحول الرقمي وذلك وفق أفضل الممارسات. — استضافة مركز البيانات هيئة تقويم التعليم والتدريب من مقدم خدمة لعدم جاهزية الموقع الحالي | I5: تحسين كفاءة قطاع البيانات والتحول الرقمي. تعزيز الامتثال للأنظمة الحكومية والتعاميم. معالجة التحديات التنظيمية والتقنية. دعم اتخاذ القرار عبر استشارات متخصصة. رفع جاهزية القطاع للتحول الرقمي المستدام. | J5: — | K5: قطاع البيانات والتحول الرقمي | L5: — | M5: كل المجالات | N5: تشغيلي | O5: متوسطة | P5: 46026 | Q5: 47122 | R5: قائم | S5: 0 | T5: 22668179
A6: 5 | B6: مشروع البنية التحتية لنظام سطح المكتب الافتراضي | C6: 2. تعزيز الكفاءة التشغيلية وكفاءة الإنفاق 3. تمكين التحول الرقمي | D6: 5. تحقيق التميز في تقديم الخدمات الرقمية من خلال التوسع في رقمنة الخدمات، وتحسين تجربة المستفيدين بما يضمن الامتثال لمعايير الحكومة الرقمية 6. تنظيم الاستفادة من البنية التحتية التقنية بما يضمن استمرارية الأعمال وحوكمة الكفاءة التشغيلية | E6: رفع جاهزية واستدامة البنية التحتية التقنية ◂ 3. مبادرة تعزيز كفاءة واستدامة البنية التحتية التقنية | F6: GAP-T-10، GAP-T-11 | G6: AR07، AR15، AR16، AR20، BR17، BR20، TR03 | H6: توريد وتطوير الأنظمة الافتراضية لسطح المكتب VDI وذلك لتسهيل عمليةدخول الموظفين على اجهزتهم الافتراضية عن بعد. | I6: دعم مرنة بيئات العمل عن بعد . تسهيل إدارة الموارد التقنية. تقليل الأعطال المرتبطة بالأجهزة المحلية. تعزيز الأمان والتحكم المركزي. | J6: • مشروع البنية التحتية لنظام سطح المكتب الافتراضي(تجديد العقد) | K6: قطاع البيانات والتحول الرقمي | L6: الشركة العربية لخدمات الانترنت و الاتصالات | M6: التقنية | N6: تشغيلي | O6: متوسطة | P6: 45420 | Q6: 13/6/2027 | R6: قائم | S6: 80 | T6: 8126289.8
A7: 6 | B7: الدعم الفني لأنظمة إدارة الموارد ساب | C7: 2. تعزيز الكفاءة التشغيلية وكفاءة الإنفاق | D7: 1. الامتثال للسياسات ذات العلاقة بمجال البيانات والتحول الرقمي الناشئ من أنظمة الهيئة وخدماتها، ومع تعزيز الاستفادة من البيانات والأنظمة لدعم أعمال الهيئة 6. تنظيم الاستفادة من البنية التحتية التقنية بما يضمن استمرارية الأعمال وحوكمة الكفاءة التشغيلية | E7: ◂ 4. مبادرة تطوير الحلول والخدمات الرقمية | F7: GAP-A-05، GAP-T-12، GAP-T-14 | G7: AR07، BR10، BR17، BR20، TR03 | H7: تجديد رخص وترقية و تحديث أنظمة الموارد المالية و البشرية | I7: دعم التحول الرقمي للهيئة • تعزيز الكفاءة التشغيلية • تحسين جودة الخدمات | J7: • مشروع الصيانة والدعم الفني لأجهزة البصمة في هيئة تقويم التعليم والتدريب و المراكز التابعة لها | K7: — | L7: — | M7: التقنية | N7: تشغيلي | O7: متوسطة | P7: 14/07/2025 | Q7: 14/07/2027 | R7: قائم | T7: 4483249.7
A8: 7 | B8: تجديد رخص أنظمة | C8: 2. تعزيز الكفاءة التشغيلية وكفاءة الإنفاق 6. المواءمة الاستراتيجية | D8: 1. الامتثال للسياسات ذات العلاقة بمجال البيانات والتحول الرقمي الناشئ من أنظمة الهيئة وخدماتها، ومع تعزيز الاستفادة من البيانات والأنظمة لدعم أعمال الهيئة 6. تنظيم الاستفادة من البنية التحتية التقنية بما يضمن استمرارية الأعمال وحوكمة الكفاءة التشغيلية | E8: ترشيد الإنفاق التقني وإدارة الرخص بفعالية ◂ 2. مبادرة الجاهزية التشغيلية واستمرارية الأعمال | F8: GAP-B-01، GAP-D-03، GAP-D-11، GAP-D-12، GAP-T-12 | G8: AR07، AR10، BR10، BR15، TR03 | H8: تجديد رخصة أنظمة إدارة الموارد ال مؤسسية (SAP S4Hana + SuccessFactors) ERP والتي تسعى من خلالها الهيئة إلى استمرارية الاعمال في الأنظمة المالية والموارد البشرية. | I8: استمرارية الاعمال في الأنظمة المالية والموارد البشرية. | J8: • تجديد رخص أنظمة (SAP) | K8: الإدارة العامة لتقنية المعلومات | L8: شركة أدوات وحلول | M8: التقنية | N8: تشغيلي | O8: متوسطة | P8: 45631 | Q8: 46726 | R8: قائم | S8: 0 | T8: 5651033.8
A9: 8 | B9: الربط الشبكي لمقرات الاختبارات المحوسبة | C9: 4. دعم تحسين تجربة المستفيد 6. المواءمة الاستراتيجية | D9: 2. تمكين التكامل التقني مع الجهات الحكومية ذات العلاقة عبر قنوات البيانات الوطنية، لتبادل البيانات وتقديم خدمات موحدة ومترابطة للمستفيدين 4. بناء قدرات رقمية وطنية وتمكين الكفاءات المتخصصة والعامة في مجال البيانات والتحول الرقمي، من خلال مسارات تدريبية مستهدفة متوافقة مع معايير بناء الكفاءات 5. تحقيق التميز في تقديم الخدمات الرقمية من خلال التوسع في رقمنة الخدمات، وتحسين تجربة المستفيدين بما يضمن الامتثال لمعايير الحكومة الرقمية | E9: ◂ 3. مبادرة تعزيز كفاءة واستدامة البنية التحتية التقنية | F9: GAP-B-01، GAP-B-05، GAP-B-14، GAP-B-20، GAP-B-21، GAP-B-22، GAP-B-24، GAP-B-25، GAP-B-28 | G9: AR09، BR04، BR06 | H9: تقديم خدمة الربط الشبكي 5G في هيئة تقويم التعليم والتدريب لجميع مقرات الاختبارات | I9: دعم منظومة الاختبارات والتقويم • رفع جودة إجراء الاختبارات الرقمية | J9: • تقديم خدمات لأنظمة تطبيق الاختبارات المحوسبة • التجهيز والتشغيل التقني لمقرات الاختبارات المحوسبة • التجهيز والتشغيل التقني لمقرات الاختبارات المحوسبة بجميع مناطق المملكة | K9: — | L9: — | M9: الأعمال | N9: تشغيلي | O9: منخفضة | P9: 46478 | Q9: 47574 | R9: لم يبدأ | S9: 0 | T9: 2305980
A10: 9 | B10: تأمين خدمة التحقق من بيانات المتقدمين يقين | C10: 1. دعم اتخاذ القرارات 4. دعم تحسين تجربة المستفيد 5. تعزيز الحوكمة المؤسسية | D10: 1. الامتثال للسياسات ذات العلاقة بمجال البيانات والتحول الرقمي الناشئ من أنظمة الهيئة وخدماتها، ومع تعزيز الاستفادة من البيانات والأنظمة لدعم أعمال الهيئة 2. تمكين التكامل التقني مع الجهات الحكومية ذات العلاقة عبر قنوات البيانات الوطنية، لتبادل البيانات وتقديم خدمات موحدة ومترابطة للمستفيدين 5. تحقيق التميز في تقديم الخدمات الرقمية من خلال التوسع في رقمنة الخدمات، وتحسين تجربة المستفيدين بما يضمن الامتثال لمعايير الحكومة الرقمية | E10: تحسين جودة وتكامل البيانات وفق المعايير الوطنية ◂ 5. مبادرة تحسين تجربة المستفيد الرقمية | F10: GAP-A-01، GAP-A-07، GAP-A-09، GAP-B-01، GAP-B-03، GAP-B-05، GAP-B-12، GAP-B-20، GAP-B-21، GAP-B-22، GAP-B-24، GAP-B-25 | G10: AR18، BR03، TR01 | H10: خدمة التحقق من بيانات المتقدمين لاختبارات الهيئة في مركز المعلومات الوطني والهدف من هذه الخدمة هو تسهيل مهمة التأكد من بيانات المتقدمين لاختبارات الهيئة لتلافي الأخطاء في الادخال والتحقق من صحة البيانات. | I10: تسريع عملية التحقق من الهوية. تقليل الأخطاء اليدوية في البيانات. تعزيز الأمان والثقة في البيانات. التكامل مع الأنظمة الوطنية للتحقق الفوري. | J10: • تأمين خدمة التحقق من بيانات المتقدمين يقين(تجديد العقد) | K10: قطاع البيانات والتحول الرقمي | L10: شركة عِلم | M10: الأعمال | N10: تشغيلي | O10: متوسطة | P10: 46753 | Q10: 47119 | R10: لم يبدأ | S10: 100 | T10: 11488500
A11: 10 | B11: تأمين خدمة الرسائل النصية لهيئة تقويم التعليم والتدريب (تجديد العقد) | C11: 2. تعزيز الكفاءة التشغيلية وكفاءة الإنفاق 3. تمكين التحول الرقمي 4. دعم تحسين تجربة المستفيد | D11: 2. تمكين التكامل التقني مع الجهات الحكومية ذات العلاقة عبر قنوات البيانات الوطنية، لتبادل البيانات وتقديم خدمات موحدة ومترابطة للمستفيدين 4. بناء قدرات رقمية وطنية وتمكين الكفاءات المتخصصة والعامة في مجال البيانات والتحول الرقمي، من خلال مسارات تدريبية مستهدفة متوافقة مع معايير بناء الكفاءات 5. تحقيق التميز في تقديم الخدمات الرقمية من خلال التوسع في رقمنة الخدمات، وتحسين تجربة المستفيدين بما يضمن الامتثال لمعايير الحكومة الرقمية | E11: ◂ 5. مبادرة تحسين تجربة المستفيد الرقمية | F11: GAP-A-06، GAP-B-05، GAP-B-14، GAP-B-28 | G11: AR07، AR15، BR06، TR03 | H11: تأمين خدمة الرسائل النصية ) SMS Gateway ( حزم الرسائل بحيث يوفر النظام مرونة عالية في الربط مع الأنظمة الداخلية للهيئة وكذلك توفير واجهات إدارة المستخدمين وشاشات خاصة لمراقبة حالة الرسائل وأعدادها. | I11: استمرارية دعم الأنظمة الحيوية • الحفاظ على الأمان والتحديثات • الامتثال للمتطلبات التعاقدية • تحسين تجربة المستفيد • تسهيل الوصول إلى الخدمات الرقمية | J11: • تأمين خدمة الرسائل النصية لهيئة تقويم التعليم والتدريب | K11: — | L11: — | M11: التطبيقات و التقنية و الأعمال | N11: تشغيلي | O11: عالية | P11: 18/4/2027 | Q11: 18/4/2030 | R11: لم يبدأ | S11: 0 | T11: 20000000
A12: 11 | B12: تشغيل وصيانة أنظمة هيئة تقويم التعليم والتدريب | C12: 2. تعزيز الكفاءة التشغيلية وكفاءة الإنفاق 4. دعم تحسين تجربة المستفيد 5. تعزيز الحوكمة المؤسسية | D12: 4. بناء قدرات رقمية وطنية وتمكين الكفاءات المتخصصة والعامة في مجال البيانات والتحول الرقمي، من خلال مسارات تدريبية مستهدفة متوافقة مع معايير بناء الكفاءات 5. تحقيق التميز في تقديم الخدمات الرقمية من خلال التوسع في رقمنة الخدمات، وتحسين تجربة المستفيدين بما يضمن الامتثال لمعايير الحكومة الرقمية 6. تنظيم الاستفادة من البنية التحتية التقنية بما يضمن استمرارية الأعمال وحوكمة الكفاءة التشغيلية | E12: ◂ 4. مبادرة تطوير الحلول والخدمات الرقمية | F12: GAP-A-06، GAP-B-04، GAP-B-09، GAP-B-14، GAP-B-15، GAP-B-16، GAP-B-17، GAP-B-28، GAP-D-03، GAP-D-11، GAP-D-12 | G12: BR06، TR03 | H12: توفير الأدوات التقنية اللازمة والكوادر المؤهلة فنياً لمراقبة جميع الأنشطة والعمليات التي تهدف الى ضمان استمرارية أداء خدمات المؤسسات التعليمية والتدريبية وعملها بشكل سلس وفعال وبكامل طاقتها وعلى النحو الأمثل بشكل مستمر دون توقف 24/7 وتقليل حدوث الأخطاء والمشاكل الفنية وأخذ التدابير الاستباقية والاستجابة الكاملة لمتطلبات التغيير لضمان تحسين ورفع جودتها وتلبية متطلبات العمل وتحسين تجربة المستخدم.. | I12: ضمان استمرارية الخدمات التقنية • تقليل الأعطال والانقطاعات • بناء القدرات الرقمية للموظفين • تعزيز ثقافة التعلم المؤسسي | J12: • تأمين خدمة الرسائل النصية لهيئة تقويم التعليم والتدريب (تجديد العقد) • مشروع الصيانة والدعم الفني لأجهزة البصمة في هيئة تقويم التعليم والتدريب و المراكز التابعة لها • تأسيس وتنفيذ وتشغيل البنية المؤسسية في هيئة تقويم التعليم و التدريب | K12: — | L12: — | M12: التقنية و الأعمال | N12: تشغيلي | O12: عالية | P12: 47209 | Q12: 47939 | R12: لم يبدأ | S12: 0 | T12: 120000000
A13: 12 | B13: تطوير نظامي إدارة استكشاف الأصول التقنية والأجهزة الطرفية | C13: 2. تعزيز الكفاءة التشغيلية وكفاءة الإنفاق 3. تمكين التحول الرقمي 5. تعزيز الحوكمة المؤسسية | D13: 1. الامتثال للسياسات ذات العلاقة بمجال البيانات والتحول الرقمي الناشئ من أنظمة الهيئة وخدماتها، ومع تعزيز الاستفادة من البيانات والأنظمة لدعم أعمال الهيئة 5. تحقيق التميز في تقديم الخدمات الرقمية من خلال التوسع في رقمنة الخدمات، وتحسين تجربة المستفيدين بما يضمن الامتثال لمعايير الحكومة الرقمية 6. تنظيم الاستفادة من البنية التحتية التقنية بما يضمن استمرارية الأعمال وحوكمة الكفاءة التشغيلية | E13: ◂ 3. مبادرة تعزيز كفاءة واستدامة البنية التحتية التقنية | F13: GAP-A-01، GAP-A-09، GAP-B-01، GAP-B-05، GAP-B-20، GAP-B-21، GAP-B-22، GAP-B-24، GAP-B-25، GAP-T-11، GAP-T-12 | G13: AR07، AR18 | H13: يشمل نطاق العمل تقديم خدمات التشغيل والدعم الفني والصيانة لكلٍ من نظام إدارة الخدمات ونظام إدارة الأصول التقنية، بالإضافة إلى توريد رخص استكشاف الأصول وإدارة الثغرات والتحديثات الأمنية ونظام إدارة الأجهزة الطرفية، مع تطبيق آلية فعّالة لإدارة التصحيحات الأمنية، بما يعزز التحكم في الأصول الرقمية ويرفع مستوى الأمان والامتثال والتكامل مع أنظمة الهيئة | I13: دعم التحول الرقمي للهيئة • تعزيز الكفاءة التشغيلية • تحسين جودة الخدمات | J13: — | K13: — | L13: — | M13: التطبيقات و التقنية و الأمن السيبراني | N13: تشغيلي | O13: متوسطة | P13: 46753 | Q13: 47849 | R13: لم يبدأ | S13: 0 | T13: 6500000
A14: 13 | B14: تقديم خدمة أداء الاختبارات الرقمية بالرياض ، الدمام ، المدينة المنورة ، الطائف ، بريدة ، الهفوف ،جازان ، جدة | C14: 2. تعزيز الكفاءة التشغيلية وكفاءة الإنفاق 4. دعم تحسين تجربة المستفيد 5. تعزيز الحوكمة المؤسسية | D14: 3. تعزيز الابتكار الرقمي المؤسسي من خلال استثمار التقنيات الناشئة والتحليلات المتقدمة والذكاء الاصطناعي لتطوير حلول رقمية فعّالة لدعم جودة التقويم والتعليم والتدريب، وتسهم في تحسين الكفاءة التشغيلية وتجربة المستفيد 5. تحقيق التميز في تقديم الخدمات الرقمية من خلال التوسع في رقمنة الخدمات، وتحسين تجربة المستفيدين بما يضمن الامتثال لمعايير الحكومة الرقمية 6. تنظيم الاستفادة من البنية التحتية التقنية بما يضمن استمرارية الأعمال وحوكمة الكفاءة التشغيلية | E14: تحسين تجربة المستفيد وتوحيد مسار ات تقديم الخدمات الرقمية ◂ 5. مبادرة تحسين تجربة المستفيد الرقمية | F14: GAP-A-02، GAP-A-03، GAP-A-06، GAP-A-08، GAP-B-01، GAP-B-04، GAP-B-08، GAP-B-09، GAP-B-15، GAP-B-16، GAP-B-17، GAP-B-20، GAP-B-21، GAP-B-22، GAP-B-24، GAP-B-25، GAP-D-03، GAP-D-11، GAP-D-12 | G14: AR09، BR18، TR03 | H14: تقديم خدمة أداء الاختبارات الرقمية بداية من استقبال المختبرين وتوثيق بياناتهم وتنظيم دخولهم لقاعة الاختبار ومراقبة الاختبارات إلى انتهائها وتنظيم مغادرتهم. | I14: توسيع الوصول الجغرافي للمتقدمين من خلال توفير نقاط اختبار في مختلف المناطق. تحسين تجربة المستفيد عبر تقنيات اختبار رقمية مريحة وسهلة الاستخدام. رفع كفاءة العمليات من خلال تقليل الاعتماد على الاختبارات الورقية. ضمان استمرارية الخدمة من خلال بنية تحتية موزعة تخفف من مخاطر التوقف المحلي. | J14: — | K14: مركز قياس | L14: — | M14: الأعمال | N14: تشغيلي | O14: متوسطة | P14: 45787 | Q14: 47613 | R14: قائم | S14: 0 | T14: 3.7611758e+08
A15: 14 | B15: توفير وتركيب أداة التطوير منخفضة صفرية الترميز (تجديد العقد) | C15: 2. تعزيز الكفاءة التشغيلية وكفاءة الإنفاق 3. تمكين التحول الرقمي 4. دعم تحسين تجربة المستفيد | D15: 5. تحقيق التميز في تقديم الخدمات الرقمية من خلال التوسع في رقمنة الخدمات، وتحسين تجربة المستفيدين بما يضمن الامتثال لمعايير الحكومة الرقمية 6. تنظيم الاستفادة من البنية التحتية التقنية بما يضمن استمرارية الأعمال وحوكمة الكفاءة التشغيلية | E15: ◂ 4. مبادرة تطوير الحلول والخدمات الرقمية | F15: GAP-B-01، GAP-B-04، GAP-B-09، GAP-B-15، GAP-B-16، GAP-B-17، GAP-B-20، GAP-B-21، GAP-B-22، GAP-B-24، GAP-B-25 | G15: AR07، BR02، TR03 | H15: الاستفادة من أدوات التطوير منخفضة/صفرية الترميز Low/No Code Development Tool لتلبية احتياجات الهيئة في عمليات التحول الرقمي وذلك من خلال توفير المنتجات الرقمية بطريقة سريعة وفعالة والتي تقود إلى تسريع عمليات التحول الرقمي وزيادة الكفاءة التشغيلية ورقمنه الأعمال وتحسين تجربة المستخدم. | I15: استمرارية دعم الأنظمة الحيوية • الحفاظ على الأمان والتحديثات • الامتثال للمتطلبات التعاقدية | J15: • توفير وتركيب أداة التطوير منخفضة صفرية الترميز | K15: — | L15: — | M15: التطبيقات و التقنية | N15: تشغيلي | O15: متوسطة | P15: 17/12/2027 | Q15: 47574 | R15: لم يبدأ | S15: 0 | T15: 3982680
A16: 15 | B16: توفير وتركيب أداة التطوير منخفضة صفرية الترميز | C16: 2. تعزيز الكفاءة التشغيلية وكفاءة الإنفاق 3. تمكين التحول الرقمي 4. دعم تحسين تجربة المستفيد | D16: 5. تحقيق التميز في تقديم الخدمات الرقمية من خلال التوسع في رقمنة الخدمات، وتحسين تجربة المستفيدين بما يضمن الامتثال لمعايير الحكومة الرقمية | E16: ◂ 4. مبادرة تطوير الحلول والخدمات الرقمية | F16: GAP-B-01، GAP-B-04، GAP-B-09، GAP-B-15، GAP-B-16، GAP-B-17، GAP-B-20، GAP-B-21، GAP-B-22، GAP-B-24، GAP-B-25 | G16: AR18، BR01، BR02 | H16: الاستفادة من أدوات التطوير منخفضة/صفرية الترميز Low/No Code Development Tool لتلبية احتياجات الهيئة في عمليات التحول الرقمي وذلك من خلال توفير المنتجات الرقمية بطريقة سريعة وفعالة والتي تقود إلى تسريع عمليات التحول الرقمي وزيادة الكفاءة التشغيلية ورقمنه الأعمال وتحسين تجربة المستخدم. | I16: دعم التحول الرقمي للهيئة • تعزيز الكفاءة التشغيلية • تحسين جودة الخدمات | J16: • توفير وتركيب أداة التطوير منخفضة صفرية الترميز (تجديد العقد) | K16: — | L16: — | M16: التطبيقات | N16: تشغيلي | O16: متوسطة | P16: 16/12/2024 | Q16: 16/12/2027 | R16: قائم | T16: 3982680
A17: 16 | B17: تشغيل وصيانة تطبيق ألف ياء لاختبارات بطارية الذكاء المرتبطة بقياس القدرات العقلية | C17: 2. تعزيز الكفاءة التشغيلية وكفاءة الإنفاق 3. تمكين التحول الرقمي 4. دعم تحسين تجربة المستفيد | D17: 3. تعزيز الابتكار الرقمي المؤسسي من خلال استثمار التقنيات الناشئة والتحليلات المتقدمة والذكاء الاصطناعي لتطوير حلول رقمية فعّالة لدعم جودة التقويم والتعليم والتدريب، وتسهم في تحسين الكفاءة التشغيلية وتجربة المستفيد 5. تحقيق التميز في تقديم الخدمات الرقمية من خلال التوسع في رقمنة الخدمات، وتحسين تجربة المستفيدين بما يضمن الامتثال لمعايير الحكومة الرقمية 6. تنظيم الاستفادة من البنية التحتية التقنية بما يضمن استمرارية الأعمال وحوكمة الكفاءة التشغيلية | E17: تحسين تجربة المستفيد وتوحيد مسار ات تقديم الخدمات الرقمية ◂ 1. مبادرة الذكاء الاصطناعي والتحليلات المتقدمة | F17: GAP-B-01، GAP-B-17، GAP-B-20، GAP-B-21، GAP-B-22، GAP-B-24، GAP-B-25 | G17: AR07، BR07، TR03 | H17: إعادة ترتيب مكونات التطبيق التقنية بما قد يتطلب إعادة بناء الواجهة الخلفية بما يتلاءم مع التقنيات المستخدمة في بيئة الهيئة | I17: قياس قدرات الطلاب العقلية بطريقة علمية. تحسين أدوات التقويم والتشخيص. دعم التوجيه التربوي والأكاديمي. تعزيز الابتكار في تصميم الاختبارات. | J17: • تشغيل وصيانة تطبيق ألف ياء لاختبارات بطارية الذكاء المرتبطة بقياس القدرات العقلية ( تجديد عقد ) | K17: مركز قياس | L17: — | M17: التطبيقات | N17: تشغيلي | O17: متوسطة | P17: 23/04/2025 | Q17: 23/04/2028 | R17: قائم | S17: 0 | T17: 6000000
A18: 17 | B18: توفير أداة لإنشاء الاستبيانات والتقييم جاهزة للتطبيق | C18: 1. دعم اتخاذ القرارات 3. تمكين التحول الرقمي 6. المواءمة الاستراتيجية | D18: 3. تعزيز الابتكار الرقمي المؤسسي من خلال استثمار التقنيات الناشئة والتحليلات المتقدمة والذكاء الاصطناعي لتطوير حلول رقمية فعّالة لدعم جودة التقويم والتعليم والتدريب، وتسهم في تحسين الكفاءة التشغيلية وتجربة المستفيد 5. تحقيق التميز في تقديم الخدمات الرقمية من خلال التوسع في رقمنة الخدمات، وتحسين تجربة المستفيدين بما يضمن الامتثال لمعايير الحكومة الرقمية | E18: رفع كفاءة اتخاذ القرار المبني على البيانات ◂ 4. مبادرة تطوير الحلول والخدمات الرقمية | F18: GAP-B-01، GAP-B-17، GAP-B-18، GAP-B-20، GAP-B-21، GAP-B-22، GAP-B-24، GAP-B-25 | G18: AR18، BR01، BR02 | H18: أداة لانشاء الاستبانات بشكل فورية وإمكانية تصديرها كتقارير أو بيانات | I18: تسهيل جمع البيانات وتحليلها. دعم قرارات مبنية على نتائج دقيقة. توحيد آليات التقييم في الهيئة. تقليل الاعتماد على النماذج الورقية. | J18: • تركيب وتشغيل اداة تحليل البيانات وتعلم الآلة جاهزة للتطبيق | K18: قطاع البيانات والتحول الرقمي | L18: ليدرز سوفت لتقنية المعلومات | M18: الأعمال و التطبيقات والبيانات | N18: تشغيلي | O18: منخفضة | P18: 44984 | Q18: 46080 | R18: منتهي | S18: 100 | T18: 443599
A19: 18 | B19: مشروع الصيانة والدعم الفني لأجهزة البصمة في هيئة تقويم التعليم والتدريب و المراكز التابعة لها | C19: 2. تعزيز الكفاءة التشغيلية وكفاءة الإنفاق | D19: 4. بناء قدرات رقمية وطنية وتمكين الكفاءات المتخصصة والعامة في مجال البيانات والتحول الرقمي، من خلال مسارات تدريبية مستهدفة متوافقة مع معايير بناء الكفاءات 6. تنظيم الاستفادة من البنية التحتية التقنية بما يضمن استمرارية الأعمال وحوكمة الكفاءة التشغيلية | E19: ◂ 3. مبادرة تعزيز كفاءة واستدامة البنية التحتية التقنية | F19: GAP-B-14، GAP-B-28، GAP-T-11 | G19: AR07، BR06، TR03 | H19: لايوجد نطاق او وصف | I19: ضمان استمرارية الخدمات التقنية • تقليل الأعطال والانقطاعات • بناء القدرات الرقمية للموظفين • تعزيز ثقافة التعلم المؤسسي | J19: — | K19: — | L19: — | M19: التقنية و الأعمال | N19: تشغيلي | O19: منخفضة | P19: 45539 | Q19: 46634 | R19: قائم | S19: 0 | T19: 726701.1
A20: 19 | B20: تأسيس وتنفيذ وتشغيل البنية المؤسسية في هيئة تقويم التعليم و التدريب | C20: 3. تمكين التحول الرقمي 5. تعزيز الحوكمة المؤسسية 6. المواءمة الاستراتيجية | D20: 1. الامتثال للسياسات ذات العلاقة بمجال البيانات والتحول الرقمي الناشئ من أنظمة الهيئة وخدماتها، ومع تعزيز الاستفادة من البيانات والأنظمة لدعم أعمال الهيئة 2. تمكين التكامل التقني مع الجهات الحكومية ذات العلاقة عبر قنوات البيانات الوطنية، لتبادل البيانات وتقديم خدمات موحدة ومترابطة للمستفيدين 3. تعزيز الابتكار الرقمي المؤسسي من خلال استثمار التقنيات الناشئة والتحليلات المتقدمة والذكاء الاصطناعي لتطوير حلول رقمية فعّالة لدعم جودة التقويم والتعليم والتدريب، وتسهم في تحسين الكفاءة التشغيلية وتجربة المستفيد | E20: إعداد خطة تحول رقمية ◂ 6. مبادرة التمكين الرقمي | F20: GAP-A-01، GAP-A-09، GAP-B-01، GAP-B-02، GAP-B-05، GAP-B-06، GAP-B-10، GAP-B-13، GAP-B-14، GAP-B-20، GAP-B-21، GAP-B-22، GAP-B-24، GAP-B-25، GAP-B-28، GAP-B-30 | G20: AR07، BR01، BR02، BR06، DR01 | H20: تأسيس وتنفيذ وتشغيل البنية المؤسسية في هيئة تقويم التعليم والتدريب باستخدام إطار العمل العاملي "TOGAF"، بحيث يؤدي اعتمادها إلى الموائمة بين الأعمال وتقنية المعلومات، وزيادة إمكانية التشغيل البيني، وتحسين جودة إجراءات العمل و إدارة الأصول، والتكامل بين التطبيقات، وخفض المخاطر وانخفاض التكاليف، وكذلك ضمان تحقيق الموائمة مع المبادرات الوطنية التقنية و وضع المعايير والأدلة الاسترشادية للخدمات والتطبيقات والبيانات والتقنية. | I20: مواءمة الأهداف التقنية مع الاستراتيجية المؤسسية. توحيد المعايير والمنهجيات المؤسسية. تعزيز حوكمة القرار التقني. دعم التخطيط والتحول الرقمي. | J20: • تأمين خدمة الرسائل النصية لهيئة تقويم التعليم والتدريب (تجديد العقد) • تشغيل وصيانة أنظمة هيئة تقويم التعليم والتدريب • مشروع الصيانة والدعم الفني لأجهزة البصمة في هيئة تقويم التعليم والتدريب و المراكز التابعة لها | K20: قطاع البيانات والتحول الرقمي | L20: شركة ريناد المجد | M20: كل المجالات | N20: تشغيلي | O20: متوسطة | P20: 45298 | Q20: 46394 | R20: قائم | S20: 0 | T20: 3439000
A21: 20 | B21: تركيب وتشغيل اداة المحاكاة الإفتراضية للبيانات | C21: 1. دعم اتخاذ القرارات 2. تعزيز الكفاءة التشغيلية وكفاءة الإنفاق 3. تمكين التحول الرقمي | D21: 3. تعزيز الابتكار الرقمي المؤسسي من خلال استثمار التقنيات الناشئة والتحليلات المتقدمة والذكاء الاصطناعي لتطوير حلول رقمية فعّالة لدعم جودة التقويم والتعليم والتدريب، وتسهم في تحسين الكفاءة التشغيلية وتجربة المستفيد 5. تحقيق التميز في تقديم الخدمات الرقمية من خلال التوسع في رقمنة الخدمات، وتحسين تجربة المستفيدين بما يضمن الامتثال لمعايير الحكومة الرقمية | E21: تحسين جودة وتكامل البيانات وفق المعايير الوطنية ◂ 1. مبادرة الذكاء الاصطناعي والتحليلات المتقدمة | F21: GAP-B-11، GAP-B-12، GAP-D-05، GAP-D-07، GAP-D-17، GAP-D-20، GAP-D-23 | G21: AR05، AR08، BR18 | H21: تركيب حلول المحاكاة الافتراضية للبيانات (Data virtualization tool) وتشغيلها. | I21: دعم اختبار السيناريوهات وتحليل البيانات. تحسين دقة التقارير دون المساس بالبيانات الفعلية. تقليل المخاطر المرتبطة بالبيانات الحقيقية. | J21: • تركيب وتشغيل اداة تحليل البيانات وتعلم الآلة جاهزة للتطبيق | K21: قطاع البيانات والتحول الرقمي | L21: شركة الإجادة للنظم المحدودة | M21: البيانات | N21: تشغيلي | O21: متوسطة | P21: 24/03/2024 | Q21: 26/03/2026 | R21: منتهي | S21: 100 | T21: 3898500
A22: 21 | B22: توفير خدمة للتعلم الإلكتروني جاهزة للاستخدام | C22: 4. دعم تحسين تجربة المستفيد | D22: 5. تحقيق التميز في تقديم الخدمات الرقمية من خلال التوسع في رقمنة الخدمات، وتحسين تجربة المستفيدين بما يضمن الامتثال لمعايير الحكومة الرقمية | E22: تحسين تجربة المستفيد وتوحيد مسار ات تقديم الخدمات الرقمية ◂ 4. مبادرة تطوير الحلول والخدمات الرقمية | F22: GAP-B-14، GAP-B-18، GAP-B-28 | G22: AR09، BR02، BR04 | H22: توفير خدمة للتعلم الإلكتروني جاهزة للاستخدام | I22: توفير خدمات للتعليم الالكتروني | J22: • توفير خدمة للتعلم الإلكتروني جاهزة للاستخدام(تجديد العقد) | K22: الإدارة العامة للتطوير | L22: شركة نسيج للتقنية | M22: الأعمال | N22: تشغيلي | O22: متوسطة | P22: 45300 | Q22: 46396 | R22: قائم | S22: 0 | T22: 538430
A23: 22 | B23: مشروع شراء وتجديد رخص البرامج في هيئة تقويم التعليم والتدريب | C23: 2. تعزيز الكفاءة التشغيلية وكفاءة الإنفاق | D23: 1. الامتثال للسياسات ذات العلاقة بمجال البيانات والتحول الرقمي الناشئ من أنظمة الهيئة وخدماتها، ومع تعزيز الاستفادة من البيانات والأنظمة لدعم أعمال الهيئة 4. بناء قدرات رقمية وطنية وتمكين الكفاءات المتخصصة والعامة في مجال البيانات والتحول الرقمي، من خلال مسارات تدريبية مستهدفة متوافقة مع معايير بناء الكفاءات 6. تنظيم الاستفادة من البنية التحتية التقنية بما يضمن استمرارية الأعمال وحوكمة الكفاءة التشغيلية | E23: ترشيد الإنفاق التقني وإدارة الرخص بفعالية ◂ 2. مبادرة الجاهزية التشغيلية واستمرارية الأعمال | F23: GAP-B-14، GAP-B-28، GAP-D-03، GAP-D-11، GAP-D-12، GAP-T-12 | G23: BR06، TR03 | H23: شراء وتجديد رخص البرامج التشغيلية و تجديد رخص سيسكو في هيئة تقويم التعليم والتدريب — شراء وتجديد رخص البرامج التشغيلية تقويم التعليم والتدريب | I23: إستمرارية الأعمال لتشغيل برامج الهيئة | J23: • تأمين خدمة الرسائل النصية لهيئة تقويم التعليم والتدريب (تجديد العقد) • تشغيل وصيانة أنظمة هيئة تقويم التعليم والتدريب • مشروع الصيانة والدعم الفني لأجهزة البصمة في هيئة تقويم التعليم والتدريب و المراكز التابعة لها | K23: الإدارة العامة لتقنية المعلومات | L23: — | M23: التقنية | N23: رأسمالي | O23: متوسطة | P23: 46478 | Q23: 47574 | R23: لم يبدأ | S23: 0 | T23: 50000000
A24: 23 | B24: صيانة وتطوير تطبيق التحقق من هوية المختبرين | C24: 2. تعزيز الكفاءة التشغيلية وكفاءة الإنفاق 3. تمكين التحول الرقمي 4. دعم تحسين تجربة المستفيد | D24: 1. الامتثال للسياسات ذات العلاقة بمجال البيانات والتحول الرقمي الناشئ من أنظمة الهيئة وخدماتها، ومع تعزيز الاستفادة من البيانات والأنظمة لدعم أعمال الهيئة 5. تحقيق التميز في تقديم الخدمات الرقمية من خلال التوسع في رقمنة الخدمات، وتحسين تجربة المستفيدين بما يضمن الامتثال لمعايير الحكومة الرقمية 6. تنظيم الاستفادة من البنية التحتية التقنية بما يضمن استمرارية الأعمال وحوكمة الكفاءة التشغيلية | E24: تحسين تجربة المستفيد وتوحيد مسار ات تقديم الخدمات الرقمية ◂ 5. مبادرة تحسين تجربة المستفيد الرقمية | F24: GAP-A-07، GAP-B-01، GAP-B-04، GAP-B-09، GAP-B-15، GAP-B-16، GAP-B-17، GAP-B-20، GAP-B-21، GAP-B-22، GAP-B-24، GAP-B-25، GAP-T-11 | G24: AR07، TR01، TR03 | H24: الصيانة والتطوير لنظام التحقق من هوية المختبرين من خلال الخصائص الحيوية (البصمة) وتأمين علميات تحقق من الهوية من مركز المعلومات الوطني عن طريق أجهزة قراءة البصمة بالاعتماد على البصمات المسجلة في قاعدة مركز المعلومات الوطني بغرض التحقق من هوية المختبر قبل الدخول لمقرات الاختبارات المحوسبة | I24: تعزيز أمن وموثوقية الاختبارات. تقليل فرص التزوير والانتحال. تحسين تجربة المستخدم في التحقق. | J24: • صيانة وتطوير تطبيق التحقق من هوية المختبرين(تجديد العقد) | K24: قطاع البيانات والتحول الرقمي | L24: المعالم الدولية لتقنية المعلومات | M24: الأعمال | N24: تشغيلي | O24: عالية | P24: 45720 | Q24: 46816 | R24: قائم | S24: 20 | T24: 40000000
A25: 24 | B25: تقديم خدمات لأنظمة تطبيق الاختبارات المحوسبة | C25: 3. تمكين التحول الرقمي 4. دعم تحسين تجربة المستفيد | D25: 5. تحقيق التميز في تقديم الخدمات الرقمية من خلال التوسع في رقمنة الخدمات، وتحسين تجربة المستفيدين بما يضمن الامتثال لمعايير الحكومة الرقمية | E25: ◂ 4. مبادرة تطوير الحلول والخدمات الرقمية | F25: GAP-B-01، GAP-B-20، GAP-B-21، GAP-B-22، GAP-B-24، GAP-B-25 | G25: AR18، BR01، BR02 | H25: تقديم خدمات لانظمة الاختبارات الرقمية والأنظمة الداعمة لها | I25: تحسين تجربة المستفيد • تسهيل الوصول إلى الخدمات الرقمية • دعم منظومة الاختبارات والتقويم • رفع جودة إجراء الاختبارات الرقمية | J25: • تقديم خدمات لأنظمة تطبيق الاختبارات المحوسبة | K25: — | L25: — | M25: التطبيقات | N25: تشغيلي | O25: عالية | P25: 46388 | Q25: — | R25: تجديد عقد | T25: 20000000
A26: 25 | B26: تشغيل وصيانة خدمات الافراد في هيئة تقويم التعليم والتدريب. | C26: 2. تعزيز الكفاءة التشغيلية وكفاءة الإنفاق 3. تمكين التحول الرقمي 4. دعم تحسين تجربة المستفيد | D26: 4. بناء قدرات رقمية وطنية وتمكين الكفاءات المتخصصة والعامة في مجال البيانات والتحول الرقمي، من خلال مسارات تدريبية مستهدفة متوافقة مع معايير بناء الكفاءات 5. تحقيق التميز في تقديم الخدمات الرقمية من خلال التوسع في رقمنة الخدمات، وتحسين تجربة المستفيدين بما يضمن الامتثال لمعايير الحكومة الرقمية 6. تنظيم الاستفادة من البنية التحتية التقنية بما يضمن استمرارية الأعمال وحوكمة الكفاءة التشغيلية | E26: رفع جاهزية واستدامة البنية التحتية التقنية ◂ 4. مبادرة تطوير الحلول والخدمات الرقمية | F26: GAP-A-06، GAP-B-01، GAP-B-04، GAP-B-09، GAP-B-14، GAP-B-15، GAP-B-16، GAP-B-17، GAP-B-28 | G26: AR06، BR04، BR06 | H26: توفير الأدوات التقنية اللازمة والكوادر المؤهلة فنياً لمراقبة جميع الأنشطة والعمليات المتضمنة في ضمان الأداء لخدمات الأفراد لتعمل بشكل سلس وفعال وبكامل طاقتها وعلى النحو الأمثل بشكل مستمر دون توقف 24/7 وتقليل حدوث الأخطاء والمشاكل الفنية وأخذ التدابير الاستباقية والاستجابة الكاملة لمتطلبات التغيير لضمان تحسين ورفع جودتها وتلبية متطلبات العمل وتحسين تجربة المستخدم.. | I26: تحسين تجربة المستخدم للأفراد. رفع موثوقية الخدمات المقدمة إلكترونيًا. تقليل الأعطال وتحسين استجابة الأنظمة. دعم الكفاءة التشغيلية الرقمية. | J26: • تشغيل وصيانة أنظمة هيئة تقويم التعليم والتدريب • تأسيس وتنفيذ وتشغيل البنية المؤسسية في هيئة تقويم التعليم و التدريب • تشغيل البنية المؤسسية في هيئة تقويم التعليم و التدريب | K26: الإدارة العامة للتطوير | L26: — | M26: الأعمال | N26: تشغيلي | O26: متوسطة | P26: 25/11/2025 | Q26: 25/11/2027 | R26: قائم | S26: 0 | T26: 19996367
A27: 26 | B27: منصة و تطبيق سديد | C27: 2. تعزيز الكفاءة التشغيلية وكفاءة الإنفاق 3. تمكين التحول الرقمي 4. دعم تحسين تجربة المستفيد | D27: 1. الامتثال للسياسات ذات العلاقة بمجال البيانات والتحول الرقمي الناشئ من أنظمة الهيئة وخدماتها، ومع تعزيز الاستفادة من البيانات والأنظمة لدعم أعمال الهيئة 5. تحقيق التميز في تقديم الخدمات الرقمية من خلال التوسع في رقمنة الخدمات، وتحسين تجربة المستفيدين بما يضمن الامتثال لمعايير الحكومة الرقمية 6. تنظيم الاستفادة من البنية التحتية التقنية بما يضمن استمرارية الأعمال وحوكمة الكفاءة التشغيلية | E27: ◂ 4. مبادرة تطوير الحلول والخدمات الرقمية | F27: GAP-B-01، GAP-B-04، GAP-B-09، GAP-B-15، GAP-B-16، GAP-B-17، GAP-B-20، GAP-B-21، GAP-B-22، GAP-B-24، GAP-B-25، GAP-T-12 | G27: AR06، AR14، BR02، BR04، BR16 | H27: منصة موحدة للخدمات المقدمة من قبل الهيئة للأفراد وتشمل على الاختبارات, الرخص, الدورات و ورش العمل. | I27: تحسين تجربة المستفيد • تسهيل الوصول إلى الخدمات الرقمية • أتمتة الإجراءات ورفع الكفاءة التشغيلية • تقليل الاعتماد على العمليات اليدوية | J27: • تطوير تطبيق ومنصة مستقبلهم • تطوير تطبيق ومنصة مستقبلهم | K27: — | L27: — | M27: التطبيقات و التقنية | N27: تشغيلي | O27: متوسطة | P27: 31/12/2024 | Q27: 31/12/2026 | R27: قائم
A28: 27 | B28: تطوير نظامي اختبارات الطوارئ والاختبارات المؤسسية | C28: 2. تعزيز الكفاءة التشغيلية وكفاءة الإنفاق 3. تمكين التحول الرقمي 4. دعم تحسين تجربة المستفيد | D28: 5. تحقيق التميز في تقديم الخدمات الرقمية من خلال التوسع في رقمنة الخدمات، وتحسين تجربة المستفيدين بما يضمن الامتثال لمعايير الحكومة الرقمية 6. تنظيم الاستفادة من البنية التحتية التقنية بما يضمن استمرارية الأعمال وحوكمة الكفاءة التشغيلية | E28: رفع الكفاءة التشغيلية من خلال الرقمنة ◂ 4. مبادرة تطوير الحلول والخدمات الرقمية | F28: GAP-B-01، GAP-B-20، GAP-B-21، GAP-B-22، GAP-B-24، GAP-B-25، GAP-D-03، GAP-D-11، GAP-D-12 | G28: AR13، AR18، BR02، TR03 | H28: تطوير نظامي اختبارات الطوارئ والاختبارات المؤسسية في المقرات الرقمية داخل الهيئة و خارجها و التأكد من عمليات تطبيق الاختبارات و تقديم الدعم الفني للحفاظ علي أداء عالٍ للنظام | I28: ضمان استمرارية التقييم في الظروف الاستثنائية. تنويع أساليب التقييم الرقمية. رفع مستوى الجاهزية المؤسسية. استجابة مرنة للأزمات. | J28: • تشغيل وصيانة اختبارات الطوارئ والاختبارات المؤسسية | K28: الإدارة العامة لأنظمة الاختبارات | L28: — | M28: التطبيقات و الأعمال | N28: تشغيلي | O28: متوسطة | P28: 45995 | Q28: 46360 | R28: قائم | S28: 0 | T28: 7912000
A29: 28 | B29: تطوير تطبيق ومنصة مستقبلهم | C29: 2. تعزيز الكفاءة التشغيلية وكفاءة الإنفاق 3. تمكين التحول الرقمي 4. دعم تحسين تجربة المستفيد | D29: 5. تحقيق التميز في تقديم الخدمات الرقمية من خلال التوسع في رقمنة الخدمات، وتحسين تجربة المستفيدين بما يضمن الامتثال لمعايير الحكومة الرقمية | E29: تحسين تجربة المستفيد وتوحيد مسار ات تقديم الخدمات الرقمية ◂ 4. مبادرة تطوير الحلول والخدمات الرقمية | F29: GAP-A-06، GAP-B-01، GAP-B-04، GAP-B-09، GAP-B-15، GAP-B-16، GAP-B-17، GAP-B-18، GAP-B-20، GAP-B-21، GAP-B-22، GAP-B-24، GAP-B-25 | G29: AR14، BR02، BR04 | H29: توفير الأدوات التقنية اللازمة والكوادر المؤهلة فنياً لمراقبة جميع الأنشطة والعمليات المتضمنة في ضمان الأداء لتطبيق مستقبلهم لتعمل بشكل سلس وفعال وبكامل طاقتها وعلى النحو الأمثل بشكل مستمر دون توقف 24/7 وتقليل حدوث الأخطاء والمشاكل الفنية وأخذ التدابير الاستباقية والاستجابة الكاملة لمتطلبات التغيير لضمان تحسين ورفع جودتها وتلبية متطلبات العمل وتحسين تجربة المستخدم.. | I29: رفع كفاءة التطبيق وتحسين أدائه. توفير دعم فني مستمر للمستخدمين. تقليل التوقفات الفنية والتقنية. تعزيز التفاعل مع أولياء الأمور. | J29: • صيانة وتطوير تطبيق التحقق من هوية المختبرين • صيانة وتطوير تطبيق التحقق من هوية المختبرين(تجديد العقد) • تطوير تطبيق ومنصة مستقبلهم | K29: إدارة التخطيط و الجودة | L29: — | M29: التطبيقات و الأعمال | N29: تشغيلي | O29: متوسطة | P29: 47027 | Q29: 47757 | R29: لم يبدأ | S29: 0 | T29: 24000000
A30: 29 | B30: توسيع نطاق تقديم الاختبارات الرقمية في مدن مختارة لتحسين الوصول الجغرافي (أبها , مكة المكرمة , حائل , الخرج, حفر الباطن ) | C30: 1. دعم اتخاذ القرارات 2. تعزيز الكفاءة التشغيلية وكفاءة الإنفاق 4. دعم تحسين تجربة المستفيد | D30: 3. تعزيز الابتكار الرقمي المؤسسي من خلال استثمار التقنيات الناشئة والتحليلات المتقدمة والذكاء الاصطناعي لتطوير حلول رقمية فعّالة لدعم جودة التقويم والتعليم والتدريب، وتسهم في تحسين الكفاءة التشغيلية وتجربة المستفيد 5. تحقيق التميز في تقديم الخدمات الرقمية من خلال التوسع في رقمنة الخدمات، وتحسين تجربة المستفيدين بما يضمن الامتثال لمعايير الحكومة الرقمية | E30: تحسين تجربة المستفيد وتوحيد مسار ات تقديم الخدمات الرقمية ◂ 5. مبادرة تحسين تجربة المستفيد الرقمية | F30: GAP-A-02، GAP-A-03، GAP-A-06، GAP-A-08، GAP-B-01، GAP-B-08، GAP-B-17، GAP-B-20، GAP-B-21، GAP-B-22، GAP-B-24، GAP-B-25 | G30: AR05، AR08، DR01 | H30: تقديم خدمة أداء الاختبارات الرقمية للجنسين بشكل منفصل في مدن أبها , مكة , حائل , الخرج, حفر الباطن ). بداية من استقبال المختبرين وتوثيق بياناتهم وتنظيم دخولهم لقاعة الاختبار ومراقبة الاختبارات إلى انتهائها وتنظيم مغادرتهم. | I30: تحسين إتاحة فرص التقييم. تقليل التكاليف المرتبطة بالتنقل. تعزيز التغطية الجغرافية للهيئة. تحسين كفاءة تنظيم الجلسات. | J30: — | K30: الإدارة العامة لأنظمة الاختبارات | L30: — | M30: الأعمال | N30: تشغيلي | O30: متوسطة | P30: 46388 | Q30: — | R30: ملغي | S30: 0 | T30: 300000000
A31: 30 | B31: توفير خدمة اختبارات بالكبائن الذكية | C31: 1. دعم اتخاذ القرارات 3. تمكين التحول الرقمي 4. دعم تحسين تجربة المستفيد | D31: 3. تعزيز الابتكار الرقمي المؤسسي من خلال استثمار التقنيات الناشئة والتحليلات المتقدمة والذكاء الاصطناعي لتطوير حلول رقمية فعّالة لدعم جودة التقويم والتعليم والتدريب، وتسهم في تحسين الكفاءة التشغيلية وتجربة المستفيد 5. تحقيق التميز في تقديم الخدمات الرقمية من خلال التوسع في رقمنة الخدمات، وتحسين تجربة المستفيدين بما يضمن الامتثال لمعايير الحكومة الرقمية | E31: تحسين تجربة المستفيد وتوحيد مسار ات تقديم الخدمات الرقمية ◂ 1. مبادرة الذكاء الاصطناعي والتحليلات المتقدمة | F31: GAP-A-06، GAP-B-01، GAP-B-17، GAP-B-20، GAP-B-21، GAP-B-22، GAP-B-24، GAP-B-25، GAP-D-17 | G31: AR18، BR02، TR01 | H31: كبائن ذكية من مقعد واحد لتطبيق الاختبارات, تعتمد في تشغيلها على تقنيات الذكاء الاصطناعي و المراقبة عن بعد | I31: توفير حلول اختبار مرنة وذاتية الخدمة. تقليل الحاجة إلى مراقبين بشريين. تعزيز الأمان والتحقق الرقمي. دعم الوصول للمناطق النائية. | J31: • تقديم خدمة أداء الاختبارات الرقمية بالرياض ، الدمام ، المدينة المنورة ، الطائف ، بريدة ، الهفوف ،جازان ، جدة • توفير خدمة للتعلم الإلكتروني جاهزة للاستخدام • توفير خدمة الاشتراك في موقع إلكتروني لتقديم خدمات الدعم والأبحاث التقنية | K31: الإدارة العامة لأنظمة الاختبارات | L31: — | M31: الأعمال و البيانات | N31: تشغيلي | O31: متوسطة | P31: 46023 | Q31: 46753 | R31: لم يبدأ | S31: 0 | T31: 2300000
A32: 31 | B32: تفعيل الابتكار الرقمي في بناء منتجات ابتكارية جديدة | C32: 3. تمكين التحول الرقمي 4. دعم تحسين تجربة المستفيد | D32: 3. تعزيز الابتكار الرقمي المؤسسي من خلال استثمار التقنيات الناشئة والتحليلات المتقدمة والذكاء الاصطناعي لتطوير حلول رقمية فعّالة لدعم جودة التقويم والتعليم والتدريب، وتسهم في تحسين الكفاءة التشغيلية وتجربة المستفيد 5. تحقيق التميز في تقديم الخدمات الرقمية من خلال التوسع في رقمنة الخدمات، وتحسين تجربة المستفيدين بما يضمن الامتثال لمعايير الحكومة الرقمية | E32: تحفيز الابتكار الرقمي ◂ 1. مبادرة الذكاء الاصطناعي والتحليلات المتقدمة | F32: GAP-B-04، GAP-B-09، GAP-B-15، GAP-B-16، GAP-B-17، GAP-B-18، GAP-B-20 | G32: AR18، BR02، BR07 | H32: منافسة تفعيل الابتكار الرقمي في بناء منتجات ابتكارية جديدة | I32: تطوير أدوات تقييم غير تقليدية. تعزيز تجربة المستخدم عبر حلول مبتكرة. دعم بناء نماذج متقدمة في التقويم. تحفيز بيئة العمل على الابتكار والتحول. | J32: — | K32: الإدارة العامة لأنظمة الاختبارات | L32: — | M32: الأعمال | N32: تشغيلي | O32: متوسطة | P32: 46478 | Q32: 47209 | R32: لم يبدأ | S32: 0 | T32: 3000000
A33: 32 | B33: توفير أدوات ذكاء الأعمال والتحليلات المتقدمة لدعم اتخاذ القرار المبني على البيانات | C33: 1. دعم اتخاذ القرارات 4. دعم تحسين تجربة المستفيد 6. المواءمة الاستراتيجية | D33: 3. تعزيز الابتكار الرقمي المؤسسي من خلال استثمار التقنيات الناشئة والتحليلات المتقدمة والذكاء الاصطناعي لتطوير حلول رقمية فعّالة لدعم جودة التقويم والتعليم والتدريب، وتسهم في تحسين الكفاءة التشغيلية وتجربة المستفيد 5. تحقيق التميز في تقديم الخدمات الرقمية من خلال التوسع في رقمنة الخدمات، وتحسين تجربة المستفيدين بما يضمن الامتثال لمعايير الحكومة الرقمية | E33: رفع كفاءة اتخاذ القرار المبني على البيانات ◂ 1. مبادرة الذكاء الاصطناعي والتحليلات المتقدمة | F33: GAP-A-10، GAP-B-07، GAP-B-11، GAP-B-12، GAP-B-18، GAP-D-07، GAP-D-17، GAP-D-20، GAP-D-23 | G33: AR02، AR08 | H33: توفير أدوات للتحليلات المتقدمة ذاتية الخدمة ولعرض وتصوير البيانات ولوحات المعلومات | I33: تمكين تحليل فوري وشامل للبيانات. دعم اتخاذ القرار الاستراتيجي. توفير لوحات تحكم مرئية تفاعلية. تحسين مؤشرات الأداء المؤسسي. | J33: — | K33: الإدارة العامة للبيانات والذكاء الاصطناعي | L33: — | M33: الأعمال و البيانات | N33: تشغيلي | O33: متوسطة | P33: 46023 | Q33: 46023 | R33: ملغي | S33: 0 | T33: 2000000
A34: 33 | B34: توريد وتركيب أدوات إدارة البيانات الوصفية والبيانات الرئيسية والمرجعية | C34: 1. دعم اتخاذ القرارات 5. تعزيز الحوكمة المؤسسية 6. المواءمة الاستراتيجية | D34: 1. الامتثال للسياسات ذات العلاقة بمجال البيانات والتحول الرقمي الناشئ من أنظمة الهيئة وخدماتها، ومع تعزيز الاستفادة من البيانات والأنظمة لدعم أعمال الهيئة 2. تمكين التكامل التقني مع الجهات الحكومية ذات العلاقة عبر قنوات البيانات الوطنية، لتبادل البيانات وتقديم خدمات موحدة ومترابطة للمستفيدين 3. تعزيز الابتكار الرقمي المؤسسي من خلال استثمار التقنيات الناشئة والتحليلات المتقدمة والذكاء الاصطناعي لتطوير حلول رقمية فعّالة لدعم جودة التقويم والتعليم والتدريب، وتسهم في تحسين الكفاءة التشغيلية وتجربة المستفيد | E34: تحسين جودة وتكامل البيانات وفق المعايير الوطنية ◂ 1. مبادرة الذكاء الاصطناعي والتحليلات المتقدمة | F34: GAP-A-01، GAP-A-09، GAP-A-10، GAP-B-02، GAP-B-05، GAP-B-06، GAP-B-10، GAP-B-13، GAP-D-01، GAP-D-02، GAP-D-04، GAP-D-05، GAP-D-07، GAP-D-10، GAP-D-17، GAP-D-18، GAP-D-20، GAP-D-23، GAP-D-24، GAP-D-25، GAP-D-30، GAP-D-31 | G34: AR02، AR05، BR01، DR01، DR02 | H34: توريد وتركيب أدوات إدارة البيانات الوصفية والبيانات الرئيسية والمرجعية حسب متطلبات مكتب البيانات الوطنية | I34: تحسين جودة وتكامل البيانات. تسهيل إدارة دورة حياة البيانات. دعم الحوكمة والامتثال التنظيمي. تمكين التحليلات الذكية والربط بين الأنظمة. | J34: • توريد وتركيب أنظمة إدارة وحوكمة البيانات | K34: الإدارة العامة للبيانات والذكاء الاصطناعي | L34: — | M34: البيانات | N34: تشغيلي | O34: متوسطة | P34: 46023 | Q34: 46023 | R34: ملغي | S34: 0 | T34: 5000000
A35: 34 | B35: رفع مستوى نضج تطبيق ممارسات إدارة البيانات | C35: 1. دعم اتخاذ القرارات 3. تمكين التحول الرقمي 5. تعزيز الحوكمة المؤسسية | D35: 1. الامتثال للسياسات ذات العلاقة بمجال البيانات والتحول الرقمي الناشئ من أنظمة الهيئة وخدماتها، ومع تعزيز الاستفادة من البيانات والأنظمة لدعم أعمال الهيئة 3. تعزيز الابتكار الرقمي المؤسسي من خلال استثمار التقنيات الناشئة والتحليلات المتقدمة والذكاء الاصطناعي لتطوير حلول رقمية فعّالة لدعم جودة التقويم والتعليم والتدريب، وتسهم في تحسين الكفاءة التشغيلية وتجربة المستفيد 5. تحقيق التميز في تقديم الخدمات الرقمية من خلال التوسع في رقمنة الخدمات، وتحسين تجربة المستفيدين بما يضمن الامتثال لمعايير الحكومة الرقمية | E35: ◂ 1. مبادرة الذكاء الاصطناعي والتحليلات المتقدمة | F35: GAP-B-01، GAP-B-20، GAP-B-21، GAP-B-22، GAP-B-24، GAP-B-25، GAP-D-01، GAP-D-02، GAP-D-13، GAP-D-24، GAP-D-25، GAP-D-30، GAP-D-31 | G35: AR05، AR18، BR02، BR11 | H35: تقديم خدمات استشارية لرقع مستوى النضج والامتثال لضوابط ومواصفات إدارة البيانات الوطنية | I35: دعم اتخاذ القرار المبني على البيانات • تعزيز القدرات التحليلية للهيئة • تحسين تجربة المستفيد • تسهيل الوصول إلى الخدمات الرقمية | J35: • توريد وتركيب أدوات إدارة البيانات الوصفية والبيانات الرئيسية والمرجعية • مشروع تنفيذ بند تشغيل وصيانة البنية التقنية لمنافسة مشروع تشغيل وصيانة البنية التقنية والبيانات وتطبيق الذكاء • مشروع تنفيذ بند تشغيل وصيانة البنية التقنية لمنافسة مشروع تشغيل وصيانة البنية التقنية والبيانات وتطبيق الذكاء(تجديد العقد) | K35: — | L35: — | M35: الأعمال و التطبيقات والبيانات | N35: تشغيلي | O35: منخفضة | P35: 46023 | Q35: 46753 | R35: ملغي | T35: 2000000
A36: 35 | B36: المساعد الرقمي للعناية بالمستفيدين | C36: 1. دعم اتخاذ القرارات 3. تمكين التحول الرقمي 4. دعم تحسين تجربة المستفيد | D36: 2. تمكين التكامل التقني مع الجهات الحكومية ذات العلاقة عبر قنوات البيانات الوطنية، لتبادل البيانات وتقديم خدمات موحدة ومترابطة للمستفيدين 3. تعزيز الابتكار الرقمي المؤسسي من خلال استثمار التقنيات الناشئة والتحليلات المتقدمة والذكاء الاصطناعي لتطوير حلول رقمية فعّالة لدعم جودة التقويم والتعليم والتدريب، وتسهم في تحسين الكفاءة التشغيلية وتجربة المستفيد 5. تحقيق التميز في تقديم الخدمات الرقمية من خلال التوسع في رقمنة الخدمات، وتحسين تجربة المستفيدين بما يضمن الامتثال لمعايير الحكومة الرقمية | E36: ◂ 1. مبادرة الذكاء الاصطناعي والتحليلات المتقدمة | F36: GAP-A-01، GAP-A-09، GAP-B-04، GAP-B-05، GAP-B-09، GAP-B-15، GAP-B-16، GAP-B-17، GAP-D-07، GAP-D-17، GAP-D-20، GAP-D-23، GAP-T-20 | G36: AR08، AR18، BR04، BR16 | H36: نظام المساعد الرقمي بإستخدام الذكاء الاصطناعي التوليدي للعناية بالمستفيدين وذلك بالإجابة عن استفسارات الفئات المستفيدة حول الخدمات المقدمة. مع تكامله مع أنظمة الهيئة ونشره على جميع قنوات التواصل بالهيئة | I36: تحسين تجربة المستفيد • تسهيل الوصول إلى الخدمات الرقمية | J36: — | K36: — | L36: — | M36: التطبيقات | N36: رأسمالي | O36: منخفضة | P36: 46478 | Q36: 47209 | R36: لم يبدأ | S36: 0 | T36: 2000000
A37: 36 | B37: مشروع تنفيذ بند تشغيل وصيانة البنية التقنية لمنافسة مشروع تشغيل وصيانة البنية التقنية والبيانات وتطبيق الذكاء | C37: 1. دعم اتخاذ القرارات 2. تعزيز الكفاءة التشغيلية وكفاءة الإنفاق 3. تمكين التحول الرقمي | D37: 2. تمكين التكامل التقني مع الجهات الحكومية ذات العلاقة عبر قنوات البيانات الوطنية، لتبادل البيانات وتقديم خدمات موحدة ومترابطة للمستفيدين 3. تعزيز الابتكار الرقمي المؤسسي من خلال استثمار التقنيات الناشئة والتحليلات المتقدمة والذكاء الاصطناعي لتطوير حلول رقمية فعّالة لدعم جودة التقويم والتعليم والتدريب، وتسهم في تحسين الكفاءة التشغيلية وتجربة المستفيد 4. بناء قدرات رقمية وطنية وتمكين الكفاءات المتخصصة والعامة في مجال البيانات والتحول الرقمي، من خلال مسارات تدريبية مستهدفة متوافقة مع معايير بناء الكفاءات | E37: تنفيذ خطة البيانات والذكاء الاصطناعي وتطبيقها ◂ 2. مبادرة الجاهزية التشغيلية واستمرارية الأعمال | F37: GAP-A-01، GAP-A-09، GAP-A-10، GAP-B-01، GAP-B-05، GAP-B-14، GAP-B-20، GAP-B-21، GAP-B-22، GAP-B-24، GAP-B-25، GAP-B-28، GAP-D-07، GAP-D-17، GAP-D-20، GAP-D-23 | G37: AR02، AR18، BR06 | H37: تشغيل وصيانة البنية التقنية ونظم البيانات والتكامل وذكاء الاعمال وتطبيق ألف ياء للذكاء في هيئة تقويم التعليم والتدريب | I37: تشغيل وصيانة نظم البيانات والتكامل وذكاء الأعمال | J37: • مشروع تنفيذ بند تشغيل وصيانة البنية التقنية لمنافسة مشروع تشغيل وصيانة البنية التقنية والبيانات وتطبيق الذكاء(تجديد العقد) | K37: الإدارة العامة للبيانات والذكاء الاصطناعي | L37: شركة بحر العرب لأنظمة المعلومات | M37: البيانات والتقنية | N37: تشغيلي | O37: متوسطة | P37: 24/2/2024 | Q37: 26/2/2028 | R37: قائم | S37: 0 | T37: 16974000
A38: 37 | B38: مشروع تنفيذ بند تشغيل وصيانة البنية التقنية لمنافسة مشروع تشغيل وصيانة البنية التقنية والبيانات وتطبيق الذكاء(تجديد العقد) | C38: 1. دعم اتخاذ القرارات 2. تعزيز الكفاءة التشغيلية وكفاءة الإنفاق 3. تمكين التحول الرقمي | D38: 2. تمكين التكامل التقني مع الجهات الحكومية ذات العلاقة عبر قنوات البيانات الوطنية، لتبادل البيانات وتقديم خدمات موحدة ومترابطة للمستفيدين 3. تعزيز الابتكار الرقمي المؤسسي من خلال استثمار التقنيات الناشئة والتحليلات المتقدمة والذكاء الاصطناعي لتطوير حلول رقمية فعّالة لدعم جودة التقويم والتعليم والتدريب، وتسهم في تحسين الكفاءة التشغيلية وتجربة المستفيد 6. تنظيم الاستفادة من البنية التحتية التقنية بما يضمن استمرارية الأعمال وحوكمة الكفاءة التشغيلية | E38: تنفيذ خطة البيانات والذكاء الاصطناعي وتطبيقها ◂ 2. مبادرة الجاهزية التشغيلية واستمرارية الأعمال | F38: GAP-A-01، GAP-A-09، GAP-A-10، GAP-B-01، GAP-B-05، GAP-B-14، GAP-B-20، GAP-B-21، GAP-B-22، GAP-B-24، GAP-B-25، GAP-B-28، GAP-D-07، GAP-D-17، GAP-D-20، GAP-D-23 | G38: AR02، AR18، BR06 | H38: تشغيل وصيانة البنية التقنية ونظم البيانات والتكامل وذكاء الاعمال وتطبيق ألف ياء للذكاء في هيئة تقويم التعليم والتدريب | I38: تشغيل وصيانة نظم البيانات والتكامل وذكاء الأعمال | J38: • مشروع تنفيذ بند تشغيل وصيانة البنية التقنية لمنافسة مشروع تشغيل وصيانة البنية التقنية والبيانات وتطبيق الذكاء | K38: الإدارة العامة للبيانات والذكاء الاصطناعي | L38: شركة بحر العرب لأنظمة المعلومات | M38: البيانات والتقنية | N38: تشغيلي | O38: متوسطة | P38: 27/2/2028 | Q38: — | R38: ملغي | S38: 0 | T38: 16974000
A39: 38 | B39: تعزيز الجاهزية المؤسسية لاستمرارية الأعمال- المرحلة الأولى | C39: 2. تعزيز الكفاءة التشغيلية وكفاءة الإنفاق 3. تمكين التحول الرقمي 4. دعم تحسين تجربة المستفيد | D39: 5. تحقيق التميز في تقديم الخدمات الرقمية من خلال التوسع في رقمنة الخدمات، وتحسين تجربة المستفيدين بما يضمن الامتثال لمعايير الحكومة الرقمية 6. تنظيم الاستفادة من البنية التحتية التقنية بما يضمن استمرارية الأعمال وحوكمة الكفاءة التشغيلية | E39: رفع جاهزية واستدامة البنية التحتية التقنية ◂ 3. مبادرة تعزيز كفاءة واستدامة البنية التحتية التقنية | F39: GAP-A-04، GAP-B-01، GAP-B-04، GAP-B-09، GAP-B-15، GAP-B-16، GAP-B-17، GAP-B-20، GAP-B-21، GAP-B-22، GAP-B-23، GAP-B-24، GAP-B-25، GAP-D-03، GAP-D-11، GAP-D-12، GAP-T-8، GAP-T-15 | G39: BR04، TR03 | H39: بناء وتنفيذ خطة استمررية الاعمال و التحول السحابي لانظمة اختبارات جاهزية ومستقبلهم ونظام نمر | I39: تقليل تأثير الأزمات والطوارئ على الأنشطة التشغيلية. تحسين مرونة الأعمال واستعدادها. تعزيز ثقة أصحاب العلاقة في كفاءة الهيئة. ضمان استدامة تقديم الخدمات الحيوية. | J39: — | K39: الإدارة العامة لتقنية المعلومات | L39: — | M39: التقنية | N39: تشغيلي | O39: متوسطة | P39: 46023 | Q39: 46753 | R39: لم يبدأ | S39: 0 | T39: 5000000
A40: 39 | B40: تحسين أداء شبكة WAN باستخدام حلول تسريع الاتصالات (Riverbed) | C40: 1. دعم اتخاذ القرارات 2. تعزيز الكفاءة التشغيلية وكفاءة الإنفاق 3. تمكين التحول الرقمي | D40: 3. تعزيز الابتكار الرقمي المؤسسي من خلال استثمار التقنيات الناشئة والتحليلات المتقدمة والذكاء الاصطناعي لتطوير حلول رقمية فعّالة لدعم جودة التقويم والتعليم والتدريب، وتسهم في تحسين الكفاءة التشغيلية وتجربة المستفيد 5. تحقيق التميز في تقديم الخدمات الرقمية من خلال التوسع في رقمنة الخدمات، وتحسين تجربة المستفيدين بما يضمن الامتثال لمعايير الحكومة الرقمية 6. تنظيم الاستفادة من البنية التحتية التقنية بما يضمن استمرارية الأعمال وحوكمة الكفاءة التشغيلية | E40: رفع جاهزية واستدامة البنية التحتية التقنية ◂ 3. مبادرة تعزيز كفاءة واستدامة البنية التحتية التقنية | F40: GAP-B-01، GAP-B-04، GAP-B-09، GAP-B-15، GAP-B-16، GAP-B-17، GAP-B-20، GAP-B-21، GAP-B-22، GAP-B-24، GAP-B-25، GAP-T-7، GAP-T-17 | G40: BR10، DR02، TR04 | H40: تسريع التطبيقات، تحسين أداء السحابة و مرجعية البيانات القابلة للتطوير، تحسين حركة المرور المشفرة، وتحسين تكرار البيانات والتخزين. | I40: تسريع نقل البيانات بين المواقع. تقليل زمن تحميل الأنظمة والتطبيقات. تحسين تجربة المستخدم النهائي. تعزيز كفاءة الشبكة في المواقع البعيدة. | J40: — | K40: الإدارة العامة لتقنية المعلومات | L40: — | M40: التقنية | N40: تشغيلي | O40: متوسطة | P40: 46569 | Q40: 47665 | R40: لم يبدأ | S40: 0 | T40: 5000000
A41: 40 | B41: تقديم خدمات الطباعة كخدمات مدارة | C41: 2. تعزيز الكفاءة التشغيلية وكفاءة الإنفاق | D41: 6. تنظيم الاستفادة من البنية التحتية التقنية بما يضمن استمرارية الأعمال وحوكمة الكفاءة التشغيلية | E41: ترشيد الإنفاق التقني وإدارة الرخص بفعالية ◂ 2. مبادرة الجاهزية التشغيلية واستمرارية الأعمال | F41: GAP-B-08، GAP-T-11 | G41: AR07، BR10، TR03 | H41: مشروع توفير طابعات واحبارها كخدمات مدارة | I41: تقليل تكاليف الصيانة والمواد الاستهلاكية. تحسين أمان الوثائق والطباعة. تتبع الاستهلاك بشكل أكثر فعالية. دعم الاستدامة وتقليل الهدر الورقي. | J41: • تقديم الخدمات الاستشارية لقطاع البيانات والتحول الرقمي • تقديم خدمات لأنظمة تطبيق الاختبارات المحوسبة • توفير خدمة الاشتراك في موقع إلكتروني لتقديم خدمات الدعم والأبحاث التقنية | K41: الإدارة العامة لتقنية المعلومات | L41: — | M41: التقنية | N41: تشغيلي | O41: متوسطة | P41: 46661 | Q41: 47757 | R41: لم يبدأ | S41: 0 | T41: 4000000
A42: 41 | B42: شراء اجهزة جديدة | C42: 2. تعزيز الكفاءة التشغيلية وكفاءة الإنفاق 3. تمكين التحول الرقمي | D42: 5. تحقيق التميز في تقديم الخدمات الرقمية من خلال التوسع في رقمنة الخدمات، وتحسين تجربة المستفيدين بما يضمن الامتثال لمعايير الحكومة الرقمية 6. تنظيم الاستفادة من البنية التحتية التقنية بما يضمن استمرارية الأعمال وحوكمة الكفاءة التشغيلية | E42: رفع جاهزية واستدامة البنية التحتية التقنية ◂ 2. مبادرة الجاهزية التشغيلية واستمرارية الأعمال | F42: GAP-B-01، GAP-B-20، GAP-B-21، GAP-B-22، GAP-B-24، GAP-B-25، GAP-T-11 | G42: AR07، AR16، TR03 | H42: شراء اجهزة جديدة للموظفين الجدد | I42: تحديث البنية التحتية وتعزيز الأداء العام. دعم التشغيل المستقر للتطبيقات والخدمات. تمكين التوسع في الخدمات الرقمية. تقليل الأعطال الناتجة عن الأجهزة القديمة. | J42: — | K42: الإدارة العامة لتقنية المعلومات | L42: — | M42: التقنية | N42: تشغيلي | O42: متوسطة | P42: 46204 | Q42: 46935 | R42: لم يبدأ | S42: 0 | T42: 2000000
A43: 42 | B43: التجهيز والتشغيل التقني لمقرات الاختبارات المحوسبة | C43: 2. تعزيز الكفاءة التشغيلية وكفاءة الإنفاق 3. تمكين التحول الرقمي 4. دعم تحسين تجربة المستفيد | D43: 5. تحقيق التميز في تقديم الخدمات الرقمية من خلال التوسع في رقمنة الخدمات، وتحسين تجربة المستفيدين بما يضمن الامتثال لمعايير الحكومة الرقمية | E43: رفع جاهزية واستدامة البنية التحتية التقنية ◂ 3. مبادرة تعزيز كفاءة واستدامة البنية التحتية التقنية | F43: GAP-B-01، GAP-B-20، GAP-B-21، GAP-B-22، GAP-B-24، GAP-B-25، GAP-B-29 | G43: AR17، DR01 | H43: التجهيز التقني للمقرات المحوسبة | I43: تمكين تنفيذ اختبارات رقمية بجودة عالية. تعزيز الجاهزية التقنية في مواقع متعددة. تقليل الأعطال وتحسين بيئة الاختبار. دعم التوسع الجغرافي في خدمات الاختبارات. | J43: • الربط الشبكي لمقرات الاختبارات المحوسبة • التجهيز والتشغيل التقني لمقرات الاختبارات المحوسبة بجميع مناطق المملكة • الربط الشبكي لمقرات الاختبارات المحوسبة (تجديد العقد) | K43: الإدارة العامة لتقنية المعلومات | L43: — | M43: الأعمال | N43: تشغيلي | O43: متوسطة | P43: 46023 | Q43: 46753 | R43: ملغي | S43: 0 | T43: 24000000
A44: 43 | B44: التجهيز والتشغيل التقني لمقرات الاختبارات المحوسبة بجميع مناطق المملكة | C44: 2. تعزيز الكفاءة التشغيلية وكفاءة الإنفاق 4. دعم تحسين تجربة المستفيد 5. تعزيز الحوكمة المؤسسية | D44: 2. تمكين التكامل التقني مع الجهات الحكومية ذات العلاقة عبر قنوات البيانات الوطنية، لتبادل البيانات وتقديم خدمات موحدة ومترابطة للمستفيدين 4. بناء قدرات رقمية وطنية وتمكين الكفاءات المتخصصة والعامة في مجال البيانات والتحول الرقمي، من خلال مسارات تدريبية مستهدفة متوافقة مع معايير بناء الكفاءات 5. تحقيق التميز في تقديم الخدمات الرقمية من خلال التوسع في رقمنة الخدمات، وتحسين تجربة المستفيدين بما يضمن الامتثال لمعايير الحكومة الرقمية | E44: ترشيد الإنفاق التقني وإدارة الرخص بفعالية ◂ 3. مبادرة تعزيز كفاءة واستدامة البنية التحتية التقنية | F44: GAP-B-01، GAP-B-05، GAP-B-14، GAP-B-20، GAP-B-21، GAP-B-22، GAP-B-24، GAP-B-25، GAP-B-28، GAP-B-29 | G44: AR17، BR06، DR01 | H44: توريد وتركيب وتشغيل المتطلبات التقنية لمقرات الاختبارات المحوسبة في كل من مدن المملكة وربطها بالمركز الرئيسي، مع تقديم خدمات الدعم الفني لمدة أربعة أشهر بعد تنفيذ الأعمال وتكون بأعلى جاهزية لاستقبال المختبرين. | I44: رفع جودة التعليم والتدريب وكفايتهما رفع مساهمة التعليم والتدريب في خدمة الاقتصاد والتنمية | J44: • التجهيز والتشغيل التقني لمقرات الاختبارات المحوسبة | K44: الإدارة العامة لتقنية المعلومات | L44: شركة بُعد للاتصالات | M44: التقنية | N44: تشغيلي | O44: متوسطة | P44: 31/08/2023 | Q44: 31/08/2025 | R44: منتهي | S44: 0 | T44: 89715550
A45: 44 | B45: التحول السحابي لانظمة الاختبارت | C45: 2. تعزيز الكفاءة التشغيلية وكفاءة الإنفاق 3. تمكين التحول الرقمي 5. تعزيز الحوكمة المؤسسية | D45: 1. الامتثال للسياسات ذات العلاقة بمجال البيانات والتحول الرقمي الناشئ من أنظمة الهيئة وخدماتها، ومع تعزيز الاستفادة من البيانات والأنظمة لدعم أعمال الهيئة 5. تحقيق التميز في تقديم الخدمات الرقمية من خلال التوسع في رقمنة الخدمات، وتحسين تجربة المستفيدين بما يضمن الامتثال لمعايير الحكومة الرقمية 6. تنظيم الاستفادة من البنية التحتية التقنية بما يضمن استمرارية الأعمال وحوكمة الكفاءة التشغيلية | E45: تنفيذ خطة التحول الرقمية وتطبيقها ◂ 3. مبادرة تعزيز كفاءة واستدامة البنية التحتية التقنية | F45: GAP-A-01، GAP-A-04، GAP-A-05، GAP-A-09، GAP-B-01، GAP-B-05، GAP-B-20، GAP-B-21، GAP-B-22، GAP-B-24، GAP-B-25، GAP-D-07، GAP-D-17، GAP-D-20، GAP-D-23، GAP-T-15، GAP-T-16 | G45: AR18، BR02 | H45: يهدف المشروع إلى تطوير منصة تقنية حديثة تعتمد على البنية السحابية وتطبيقات Microservices لتمكين تطوير وتشغيل الأنظمة بطريقة مرنة ومجزأة وقابلة للتوسع. تشمل المنصة أدوات لإدارة الخدمات المصغرة، التكامل مع CI/CD، الحاويات (Containers)، والتشغيل الآلي للبنية التحتية، مما يعزز الكفاءة والمرونة والاستجابة للتغيرات المؤسسية. | I45: تحسين التوافرية والمرونة التشغيلية. دعم التوسع السريع في تقديم الخدمات. تقليل التكاليف الرأسمالية للبنية التحتية. تعزيز الأمن السيبراني من خلال البيئة السحابية. | J45: — | K45: الإدارة العامة لتقنية المعلومات | L45: — | M45: التقنية | N45: تشغيلي | O45: متوسطة | P45: 46753 | Q45: 47849 | R45: لم يبدأ | S45: 0 | T45: 5000000
A46: 45 | B46: توفير خدمة الاشتراك في موقع إلكتروني لتقديم خدمات الدعم والأبحاث التقنية | C46: 2. تعزيز الكفاءة التشغيلية وكفاءة الإنفاق 3. تمكين التحول الرقمي 4. دعم تحسين تجربة المستفيد | D46: 5. تحقيق التميز في تقديم الخدمات الرقمية من خلال التوسع في رقمنة الخدمات، وتحسين تجربة المستفيدين بما يضمن الامتثال لمعايير الحكومة الرقمية | E46: ترشيد الإنفاق التقني وإدارة الرخص بفعالية ◂ 6. مبادرة التمكين الرقمي | F46: GAP-A-04، GAP-A-06، GAP-B-26 | G46: AR18، BR01، BR02 | H46: توفير خدمة الاشتراك في موقع إلكتروني لتقديم خدمات الدعم والأبحاث التقنية | I46: تسريع الوصول للمعلومة والدعم الفني المتخصص. تحسين كفاءة فرق الدعم الداخلي. تقليل زمن معالجة المشكلات الفنية. دعم التطوير المهني للكوادر التقنية. | J46: — | K46: الإدارة العامة للتطوير | L46: — | M46: التقنية | N46: تشغيلي | O46: متوسطة | P46: 46478 | Q46: 47574 | R46: لم يبدأ | S46: 0 | T46: 4000000
A47: 46 | B47: تحقيق متطلبات شهادات الجودة لتحسين الكفاءة والامتثال | C47: 2. تعزيز الكفاءة التشغيلية وكفاءة الإنفاق 5. تعزيز الحوكمة المؤسسية 6. المواءمة الاستراتيجية | D47: 1. الامتثال للسياسات ذات العلاقة بمجال البيانات والتحول الرقمي الناشئ من أنظمة الهيئة وخدماتها، ومع تعزيز الاستفادة من البيانات والأنظمة لدعم أعمال الهيئة | E47: تطوير إطار حوكمة وسياسات تقنية موحدة ◂ 2. مبادرة الجاهزية التشغيلية واستمرارية الأعمال | F47: GAP-B-06، GAP-B-07، GAP-B-10، GAP-B-13، GAP-B-19، GAP-B-25 | G47: AR17، BR01، BR02، DR01 | H47: مشروع تحقيق شهادات الجودة | I47: توحيد الإجراءات وتحسين الاتساق المؤسسي. تعزيز الثقة والشفافية بين أصحاب العلاقة. دعم التحسين المستمر للأداء المؤسسي. الامتثال للمعايير الوطنية والدولية للجودة. | J47: — | K47: الإدارة العامة للتطوير | L47: — | M47: الأعمال | N47: تشغيلي | O47: متوسطة | P47: 46478 | Q47: 47209 | R47: لم يبدأ | S47: 0 | T47: 5000000
A48: 47 | B48: تهيئة بنية افتراضية متكاملة تدعم التوسع والمرونة باستخدام Vmware | C48: 2. تعزيز الكفاءة التشغيلية وكفاءة الإنفاق 3. تمكين التحول الرقمي 6. المواءمة الاستراتيجية | D48: 2. تمكين التكامل التقني مع الجهات الحكومية ذات العلاقة عبر قنوات البيانات الوطنية، لتبادل البيانات وتقديم خدمات موحدة ومترابطة للمستفيدين 5. تحقيق التميز في تقديم الخدمات الرقمية من خلال التوسع في رقمنة الخدمات، وتحسين تجربة المستفيدين بما يضمن الامتثال لمعايير الحكومة الرقمية 6. تنظيم الاستفادة من البنية التحتية التقنية بما يضمن استمرارية الأعمال وحوكمة الكفاءة التشغيلية | E48: رفع جاهزية واستدامة البنية التحتية التقنية ◂ 3. مبادرة تعزيز كفاءة واستدامة البنية التحتية التقنية | F48: GAP-A-01، GAP-A-09، GAP-B-01، GAP-B-05، GAP-B-20، GAP-B-21، GAP-B-22، GAP-B-24، GAP-B-25، GAP-T-11، GAP-T-12، GAP-T-20 | G48: AR07، AR18، TR03 | H48: تهيئة البيئة الافتراضية vmware — تهيئة البيئة الافتراضية vmware ,وتقديم الدعم الفني لها | I48: دعم بيئات العمل المرنة والموزعة. تقليل الاعتماد على الأجهزة الفعلية. تسريع نشر الأنظمة والتطبيقات. تحسين استغلال الموارد التقنية. | J48: — | K48: الإدارة العامة لتقنية المعلومات | L48: — | M48: التقنية | N48: تشغيلي | O48: متوسطة | P48: 46478 | Q48: 47574 | R48: لم يبدأ | S48: 0 | T48: 10000000
A49: 48 | B49: توفير الدوائر الالكترونية | C49: 1. دعم اتخاذ القرارات 2. تعزيز الكفاءة التشغيلية وكفاءة الإنفاق 6. المواءمة الاستراتيجية | D49: 2. تمكين التكامل التقني مع الجهات الحكومية ذات العلاقة عبر قنوات البيانات الوطنية، لتبادل البيانات وتقديم خدمات موحدة ومترابطة للمستفيدين 3. تعزيز الابتكار الرقمي المؤسسي من خلال استثمار التقنيات الناشئة والتحليلات المتقدمة والذكاء الاصطناعي لتطوير حلول رقمية فعّالة لدعم جودة التقويم والتعليم والتدريب، وتسهم في تحسين الكفاءة التشغيلية وتجربة المستفيد | E49: رفع جاهزية واستدامة البنية التحتية التقنية ◂ 3. مبادرة تعزيز كفاءة واستدامة البنية التحتية التقنية | F49: GAP-A-01، GAP-A-09، GAP-B-05، GAP-T-8 | G49: AR17، AR18، DR01، TR02 | H49: ربط مواقع الهيئة الجغرافية بدوائر رقمية | I49: تعزيز التكامل مع المنصات الحكومية. تأمين نقل البيانات بين الأنظمة. تحسين جودة الاتصال المؤسسي. تقليل الاعتماد على الشبكات الخارجية. | J49: — | K49: الإدارة العامة لتقنية المعلومات | L49: — | M49: التقنية | N49: تشغيلي | O49: متوسطة | P49: 46023 | Q49: 46753 | R49: لم يبدأ | S49: 0 | T49: 12000000
A50: 49 | B50: المنصة الرقمية لمؤسسات التعليم والتدريب | C50: 1. دعم اتخاذ القرارات 3. تمكين التحول الرقمي 6. المواءمة الاستراتيجية | D50: 2. تمكين التكامل التقني مع الجهات الحكومية ذات العلاقة عبر قنوات البيانات الوطنية، لتبادل البيانات وتقديم خدمات موحدة ومترابطة للمستفيدين 4. بناء قدرات رقمية وطنية وتمكين الكفاءات المتخصصة والعامة في مجال البيانات والتحول الرقمي، من خلال مسارات تدريبية مستهدفة متوافقة مع معايير بناء الكفاءات 5. تحقيق التميز في تقديم الخدمات الرقمية من خلال التوسع في رقمنة الخدمات، وتحسين تجربة المستفيدين بما يضمن الامتثال لمعايير الحكومة الرقمية | E50: تحسين تجربة المستفيد وتوحيد مسار ات تقديم الخدمات الرقمية ◂ 4. مبادرة تطوير الحلول والخدمات الرقمية | F50: GAP-A-10، GAP-B-01، GAP-B-05، GAP-B-14، GAP-B-15، GAP-B-17، GAP-B-20، GAP-B-21، GAP-B-22، GAP-B-24، GAP-B-25، GAP-B-28، GAP-D-07، GAP-D-17، GAP-D-20، GAP-D-23 | G50: AR02، BR01، BR02، BR06، DR01 | H50: منصة موحدة للمؤسسات التعليمية والتدريبية لإدارتها وتقديم الخدمات المتخصصة لها. | I50: توحيد الخدمات المقدمة للمؤسسات في منصة واحدة. تقليل الإجراءات اليدوية. رفع جودة التواصل والخدمات. دعم الربط الآلي والتحليلات. | J50: • تأمين خدمة الرسائل النصية لهيئة تقويم التعليم والتدريب (تجديد العقد) • تشغيل وصيانة أنظمة هيئة تقويم التعليم والتدريب • مشروع الصيانة والدعم الفني لأجهزة البصمة في هيئة تقويم التعليم والتدريب و المراكز التابعة لها | K50: قطاع البيانات والتحول الرقمي | L50: داخلي | M50: الأعمال و التطبيقات | N50: تشغيلي | O50: عالية | P50: 45658 | Q50: 31/12/2025 | R50: قائم | S50: 50
A51: 50 | B51: النظام الشامل للاختبارات | C51: 3. تمكين التحول الرقمي 4. دعم تحسين تجربة المستفيد | D51: 5. تحقيق التميز في تقديم الخدمات الرقمية من خلال التوسع في رقمنة الخدمات، وتحسين تجربة المستفيدين بما يضمن الامتثال لمعايير الحكومة الرقمية | E51: ◂ 4. مبادرة تطوير الحلول والخدمات الرقمية | F51: GAP-B-01، GAP-B-20، GAP-B-21، GAP-B-22، GAP-B-24، GAP-B-25 | G51: AR18، BR01، BR02 | H51: تطوير نظام خاص بالهيئة لتطبيق الاختبارات عالية الحساسية في المقرات | I51: دعم منظومة الاختبارات والتقويم • رفع جودة إجراء الاختبارات الرقمية | J51: — | K51: — | L51: — | M51: التطبيقات | N51: تشغيلي | O51: متوسطة | P51: 45666 | Q51: 31/12/2026 | R51: قائم
A52: 51 | B52: توريد وتركيب وترقية أجهزة موزع الأحمال والرخص الخاصة بها | C52: 2. تعزيز الكفاءة التشغيلية وكفاءة الإنفاق 3. تمكين التحول الرقمي | D52: 1. الامتثال للسياسات ذات العلاقة بمجال البيانات والتحول الرقمي الناشئ من أنظمة الهيئة وخدماتها، ومع تعزيز الاستفادة من البيانات والأنظمة لدعم أعمال الهيئة 5. تحقيق التميز في تقديم الخدمات الرقمية من خلال التوسع في رقمنة الخدمات، وتحسين تجربة المستفيدين بما يضمن الامتثال لمعايير الحكومة الرقمية 6. تنظيم الاستفادة من البنية التحتية التقنية بما يضمن استمرارية الأعمال وحوكمة الكفاءة التشغيلية | E52: ترشيد الإنفاق التقني وإدارة الرخص بفعالية ◂ 2. مبادرة الجاهزية التشغيلية واستمرارية الأعمال | 3. مبادرة تعزيز كفاءة واستدامة البنية التحتية التقنية | F52: GAP-T-8، GAP-T-11، GAP-T-12، GAP-T-13، GAP-T-14 | G52: AR07، TR03، TR04 | H52: تجديد رخصة موزع الاحمال +link controller | I52: تحسين توزيع الأحمال على الخوادم. ضمان توافرية الأنظمة عند الطلب المرتفع. تقليل الأعطال الناتجة عن الضغط. رفع كفاءة استجابة الخدمات الرقمية. | J52: • توريد أجهزة الجدار الناري والرخص الخاصة بها | K52: الإدارة العامة لتقنية المعلومات | L52: شركة التقنيات العالمية للتجارة والمقاولات | M52: التقنية | N52: تشغيلي | O52: متوسطة | P52: 45088 | Q52: 46184 | R52: قائم | S52: 100 | T52: 8078417.7
A53: 52 | B53: مشروع توفير نظام الاختبارات الطارئة | C53: 2. تعزيز الكفاءة التشغيلية وكفاءة الإنفاق 3. تمكين التحول الرقمي 4. دعم تحسين تجربة المستفيد | D53: 5. تحقيق التميز في تقديم الخدمات الرقمية من خلال التوسع في رقمنة الخدمات، وتحسين تجربة المستفيدين بما يضمن الامتثال لمعايير الحكومة الرقمية 6. تنظيم الاستفادة من البنية التحتية التقنية بما يضمن استمرارية الأعمال وحوكمة الكفاءة التشغيلية | E53: رفع الكفاءة التشغيلية من خلال الرقمنة ◂ 4. مبادرة تطوير الحلول والخدمات الرقمية | F53: GAP-B-01، GAP-B-20، GAP-B-21، GAP-B-22، GAP-B-23، GAP-B-24، GAP-B-25، GAP-D-03، GAP-D-11، GAP-D-12، GAP-T-8 | G53: AR18، BR02، TR03 | H53: نظام لتطبيق الاختبارات في مقرات الاختبارات المحوسبة حال انقطاع الخدمة في نظام تطبيق الاختبارات الأساسي | I53: ضمان استمرارية الاختبارات في حالات الطوارئ. تقليل احتمالات تعطل العمليات الأساسية. تعزيز الجاهزية المؤسسية. تحسين الموثوقية في تقديم الخدمات. | J53: • مشروع البنية التحتية لنظام سطح المكتب الافتراضي • تطوير نظامي اختبارات الطوارئ والاختبارات المؤسسية • توفير حل متقدم لنظام DNS للبيانات الداخلية والخارجية | K53: مركز قياس | L53: شركة أم كية سي ال العربية المحدودة | M53: التقنية | N53: تشغيلي | O53: متوسطة | P53: 28/11/2023 | Q53: 28/11/2025 | R53: قائم | S53: 96 | T53: 4945000
A54: 53 | B54: ديجيتل اكس | C54: 3. تمكين التحول الرقمي | D54: 5. تحقيق التميز في تقديم الخدمات الرقمية من خلال التوسع في رقمنة الخدمات، وتحسين تجربة المستفيدين بما يضمن الامتثال لمعايير الحكومة الرقمية | E54: ◂ 6. مبادرة التمكين الرقمي | F54: GAP-B-14، GAP-D-20 | G54: AR18، BR01، BR02 | H54: تطوير و تعزيز قدرات التحول الرقمي | I54: دعم التحول الرقمي للهيئة • تعزيز الكفاءة التشغيلية • تحسين جودة الخدمات | J54: — | K54: — | L54: — | M54: التطبيقات | N54: تشغيلي | O54: منخفضة | P54: 46023 | Q54: 46764 | R54: قائم | S54: 0 | T54: 300000
A55: 54 | B55: نظام توليد الأسئلة الآلي | C55: 1. دعم اتخاذ القرارات 3. تمكين التحول الرقمي 4. دعم تحسين تجربة المستفيد | D55: 3. تعزيز الابتكار الرقمي المؤسسي من خلال استثمار التقنيات الناشئة والتحليلات المتقدمة والذكاء الاصطناعي لتطوير حلول رقمية فعّالة لدعم جودة التقويم والتعليم والتدريب، وتسهم في تحسين الكفاءة التشغيلية وتجربة المستفيد 5. تحقيق التميز في تقديم الخدمات الرقمية من خلال التوسع في رقمنة الخدمات، وتحسين تجربة المستفيدين بما يضمن الامتثال لمعايير الحكومة الرقمية | E55: ◂ 6. مبادرة التمكين الرقمي | F55: GAP-D-07، GAP-D-17، GAP-D-20، GAP-D-23 | G55: AR18، BR01، BR02 | H55: توليد أسئلة الاختبارت بالذكاء الاصطناعي التوليدي | I55: دعم اتخاذ القرار المبني على البيانات • تعزيز القدرات التحليلية للهيئة | J55: — | K55: — | L55: — | M55: التطبيقات | N55: رأسمالي | O55: عالية | P55: 46023 | Q55: 31/12/2026 | R55: لم يبدأ | S55: 0 | T55: 20000000
A56: 55 | B56: توريد وتركيب أجهزة تخزين البيانات التقنية | C56: 1. دعم اتخاذ القرارات 2. تعزيز الكفاءة التشغيلية وكفاءة الإنفاق 3. تمكين التحول الرقمي | D56: 3. تعزيز الابتكار الرقمي المؤسسي من خلال استثمار التقنيات الناشئة والتحليلات المتقدمة والذكاء الاصطناعي لتطوير حلول رقمية فعّالة لدعم جودة التقويم والتعليم والتدريب، وتسهم في تحسين الكفاءة التشغيلية وتجربة المستفيد 6. تنظيم الاستفادة من البنية التحتية التقنية بما يضمن استمرارية الأعمال وحوكمة الكفاءة التشغيلية | E56: ◂ 3. مبادرة تعزيز كفاءة واستدامة البنية التحتية التقنية | F56: GAP-D-19، GAP-T-11، GAP-T-14 | G56: AR07، TR01، TR03 | H56: تنفيذ حل تخزين جديد مع نظام تخزين شبكي جديد باإلضافة الى حل لبيئة افتراضية , ويشمل ذلك تركيب األجهزة ,تكوين البرمجيات ,و التحقق من سالمتها | I56: دعم اتخاذ القرار المبني على البيانات • تعزيز القدرات التحليلية للهيئة | J56: • توريد وتركيب أدوات إدارة البيانات الوصفية والبيانات الرئيسية والمرجعية • توريد وتركيب وترقية أجهزة موزع الأحمال والرخص الخاصة بها • توريد وتركيب أنظمة إدارة وحوكمة البيانات | K56: — | L56: — | M56: البيانات و التطبيقات و التقنية | N56: تشغيلي | O56: متوسطة | P56: 46029 | Q56: 47125 | R56: لم يبدأ | S56: 0 | T56: 4979484.5
A57: 56 | B57: الخدمات التشغيلية لرفع نضج الخدمات الرقمية | C57: 2. تعزيز الكفاءة التشغيلية وكفاءة الإنفاق 3. تمكين التحول الرقمي 6. المواءمة الاستراتيجية | D57: 1. الامتثال للسياسات ذات العلاقة بمجال البيانات والتحول الرقمي الناشئ من أنظمة الهيئة وخدماتها، ومع تعزيز الاستفادة من البيانات والأنظمة لدعم أعمال الهيئة 2. تمكين التكامل التقني مع الجهات الحكومية ذات العلاقة عبر قنوات البيانات الوطنية، لتبادل البيانات وتقديم خدمات موحدة ومترابطة للمستفيدين 5. تحقيق التميز في تقديم الخدمات الرقمية من خلال التوسع في رقمنة الخدمات، وتحسين تجربة المستفيدين بما يضمن الامتثال لمعايير الحكومة الرقمية | E57: تنفيذ خطة التحول الرقمية وتطبيقها ◂ 5. مبادرة تحسين تجربة المستفيد الرقمية | F57: GAP-A-01، GAP-A-02، GAP-A-03، GAP-A-09، GAP-B-01، GAP-B-05، GAP-B-20، GAP-B-21، GAP-B-22، GAP-B-24، GAP-B-25، GAP-B-29، GAP-T-20 | G57: AR17، AR18، BR02، BR11، BR18، DR01 | H57: خدمات استشارية وتشغيلية مدارة تهدف إلى تعزيز إدارة دورة حياة البرمجيات (SDLC) من خلال تطبيق معايير وأطر عمل حديثة لتحسين جودة البرمجيات وضمان التحسين المستمر. — تقديم خدمات تشغيلية مدارة لتنفيذ وتفعيل ممارسات حديثة لإدارة دورة حياة البرمجيات (SDLC) وفق أفضل الممارسات والمعايير | I57: تحسين جودة وتكامل البرمجيات. تسريع دورات التطوير والنشر. توحيد ممارسات إدارة التطبيقات والصيانة. تقليل المخاطر التقنية عبر تطبيق أفضل الأطر. | J57: • تقديم الخدمات الاستشارية لقطاع البيانات والتحول الرقمي | K57: الإدارة العامة للتطوير | L57: — | M57: التطبيقات | N57: تشغيلي | O57: متوسطة | P57: 46478 | Q57: 47209 | R57: لم يبدأ | S57: 0 | T57: 6000000
A58: 57 | B58: تقديم خدمة التوقيع الالكتروني | C58: 2. تعزيز الكفاءة التشغيلية وكفاءة الإنفاق 3. تمكين التحول الرقمي 5. تعزيز الحوكمة المؤسسية | D58: 1. الامتثال للسياسات ذات العلاقة بمجال البيانات والتحول الرقمي الناشئ من أنظمة الهيئة وخدماتها، ومع تعزيز الاستفادة من البيانات والأنظمة لدعم أعمال الهيئة 2. تمكين التكامل التقني مع الجهات الحكومية ذات العلاقة عبر قنوات البيانات الوطنية، لتبادل البيانات وتقديم خدمات موحدة ومترابطة للمستفيدين 5. تحقيق التميز في تقديم الخدمات الرقمية من خلال التوسع في رقمنة الخدمات، وتحسين تجربة المستفيدين بما يضمن الامتثال لمعايير الحكومة الرقمية | E58: ◂ 6. مبادرة التمكين الرقمي | F58: GAP-A-01، GAP-A-07، GAP-A-09، GAP-B-01، GAP-B-05، GAP-B-20، GAP-B-21، GAP-B-22، GAP-B-24، GAP-B-25، GAP-T-12 | G58: AR18، TR01 | H58: لتطبيق حلول التوقيع الإلكتروني المتكاملة من خلال مقدم خدمة مرخص من هيئة الحكومة الرقمية بترخيص نوع شامل لتقديم الخدمة فعليا وتطبيق أحدث التقنيات العالمية في مجال تقنية التوقيع الرقمي والترخيص من هيئة الامن السيبراني كمقدم خدمة وتوفير إمكانية التوقيع الرقمي الصادر من مقدم الخدمة بشكل مباشر من الجذر السعودي والمقبول في قانون المعاملات الإلكترونية من على بعد بكفاءة وسلاسة وتطبيق البيئة الورقية وبدون حضور شخصي. لتحقيق رؤية المملكة 2030 للتحول الرقمي وتحقيق الالتزام حسب معايير هيئة الحكومة الرقمية والوصول لهدف المصادقة على أوراق ومعاملات رسمية بلا حضور. | I58: تحسين تجربة المستفيد • تسهيل الوصول إلى الخدمات الرقمية • تعزيز الحوكمة والأمن السيبراني • حماية بيانات الهيئة والمستفيدين | J58: • تقديم خدمة أداء الاختبارات الرقمية بالرياض ، الدمام ، المدينة المنورة ، الطائف ، بريدة ، الهفوف ،جازان ، جدة • توفير خدمة للتعلم الإلكتروني جاهزة للاستخدام • توفير خدمة الاشتراك في موقع إلكتروني لتقديم خدمات الدعم والأبحاث التقنية | K58: — | L58: — | M58: التطبيقات و التقنية و الأمن السيبراني | N58: تشغيلي | O58: منخفضة | P58: 46027 | Q58: 46757 | R58: لم يبدأ | S58: 0 | T58: 1799750
A59: 58 | B59: تصميم نماذج رقمية للتهيئة لاختبارات القدرات | C59: 3. تمكين التحول الرقمي 4. دعم تحسين تجربة المستفيد | D59: 4. بناء قدرات رقمية وطنية وتمكين الكفاءات المتخصصة والعامة في مجال البيانات والتحول الرقمي، من خلال مسارات تدريبية مستهدفة متوافقة مع معايير بناء الكفاءات 5. تحقيق التميز في تقديم الخدمات الرقمية من خلال التوسع في رقمنة الخدمات، وتحسين تجربة المستفيدين بما يضمن الامتثال لمعايير الحكومة الرقمية | E59: ◂ 4. مبادرة تطوير الحلول والخدمات الرقمية | F59: GAP-B-01، GAP-B-04، GAP-B-09، GAP-B-14، GAP-B-15، GAP-B-16، GAP-B-17، GAP-B-20، GAP-B-21، GAP-B-22، GAP-B-24، GAP-B-25، GAP-B-28 | G59: AR09، BR04، BR06 | H59: تصميم نماذج تدريبية تفاعلية موجهة للمستفيدين من الاختبارات وذلك على شكل نماذج رقمية للتهيئة لاختبارات القدرات | I59: دعم منظومة الاختبارات والتقويم • رفع جودة إجراء الاختبارات الرقمية | J59: — | K59: — | L59: — | M59: الأعمال | N59: تشغيلي | O59: منخفضة | P59: 46027 | Q59: 30/06/2026 | R59: لم يبدأ | S59: 0 | T59: 2000000
A60: 59 | B60: تقديم خدمة ربط أنظمة الهيئة بتطبيق توكلنا | C60: 3. تمكين التحول الرقمي 4. دعم تحسين تجربة المستفيد 5. تعزيز الحوكمة المؤسسية | D60: 1. الامتثال للسياسات ذات العلاقة بمجال البيانات والتحول الرقمي الناشئ من أنظمة الهيئة وخدماتها، ومع تعزيز الاستفادة من البيانات والأنظمة لدعم أعمال الهيئة 2. تمكين التكامل التقني مع الجهات الحكومية ذات العلاقة عبر قنوات البيانات الوطنية، لتبادل البيانات وتقديم خدمات موحدة ومترابطة للمستفيدين 5. تحقيق التميز في تقديم الخدمات الرقمية من خلال التوسع في رقمنة الخدمات، وتحسين تجربة المستفيدين بما يضمن الامتثال لمعايير الحكومة الرقمية | E60: تحسين تجربة المستفيد وتوحيد مسار ات تقديم الخدمات الرقمية ◂ 4. مبادرة تطوير الحلول والخدمات الرقمية | F60: GAP-A-01، GAP-A-07، GAP-A-09، GAP-B-01، GAP-B-04، GAP-B-05، GAP-B-09، GAP-B-15، GAP-B-16، GAP-B-17، GAP-B-20، GAP-B-21، GAP-B-22، GAP-B-24، GAP-B-25 | G60: AR18، BR03، TR01 | H60: خدمة ربط أنظمة الهيئة لأغراض التكامل التقني المدارة التي تهدف إلى تقديم خدمات لعمليات الربط للأنظمة الحالية وقابلية التكامل فيما بينها داخليا بتطبيق توكلنا من خلال الربط مع البنية التقنية للأنظمة ولتبني واجهة برمجة التطبيقات التي تعتمد على معايير RESTful و GraphQL وذلك لأغراض التكامل. | I60: تعزيز التكامل مع المنصات الوطنية. تبسيط تجربة المستخدم عبر الوصول الموحد. دعم متطلبات الأمن والمصادقة الرقمية. رفع كفاءة تبادل البيانات الحكومية. | J60: — | K60: الإدارة العامة للتطوير | L60: — | M60: الأعمال و التطبيقات | N60: تشغيلي | O60: متوسطة | P60: 15/5/2025 | Q60: 15/9/2027 | R60: قائم | S60: 0 | T60: 9139991.2
A61: 60 | B61: تشغيل وصيانة البنية التحتية | C61: 2. تعزيز الكفاءة التشغيلية وكفاءة الإنفاق 3. تمكين التحول الرقمي 4. دعم تحسين تجربة المستفيد | D61: 3. تعزيز الابتكار الرقمي المؤسسي من خلال استثمار التقنيات الناشئة والتحليلات المتقدمة والذكاء الاصطناعي لتطوير حلول رقمية فعّالة لدعم جودة التقويم والتعليم والتدريب، وتسهم في تحسين الكفاءة التشغيلية وتجربة المستفيد 5. تحقيق التميز في تقديم الخدمات الرقمية من خلال التوسع في رقمنة الخدمات، وتحسين تجربة المستفيدين بما يضمن الامتثال لمعايير الحكومة الرقمية 6. تنظيم الاستفادة من البنية التحتية التقنية بما يضمن استمرارية الأعمال وحوكمة الكفاءة التشغيلية | E61: رفع جاهزية واستدامة البنية التحتية التقنية ◂ 3. مبادرة تعزيز كفاءة واستدامة البنية التحتية التقنية | F61: GAP-B-01، GAP-B-14، GAP-B-20، GAP-B-21، GAP-B-22، GAP-B-24، GAP-B-25، GAP-B-28، GAP-D-03، GAP-D-11، GAP-D-12، GAP-T-8، GAP-T-10، GAP-T-19 | G61: BR02، BR06، TR03، TR04 | H61: تشغيل البنية التحتية لهيئة تقويم التعليم والتدريب في المراكز التالية: 1. مركز بيانات الهيئة المستضاف خارجياً. 2‌. مركز بيانات الهيئة الافتراضي في سحابة ديم. 3‌. مركز بيانات الهيئة في المقر الرئيسي والشبكة في المقر الرئيسي للهيئة وفرع الندى ومقرات الاختبارات بعدد 95 مقر. — تشغيل البنية التحتية وتقديم الدعم الفني لهيئة تقويم التعليم والتدريب في المراكز التالية: 1. مركز بيانات الهيئة المستضاف خارجياً. 2‌. مركز بيانات الهيئة الافتراضي في سحابة ديم. 3‌. مركز بيانات الهيئة في المقر الرئيسي والشبكة في المقر الرئيسي للهيئة وفرع الندى ومقرات الاختبارات بعدد 95 مقر. | I61: ضمان الجاهزية التشغيلية للخدمات التقنية. تقليل الأعطال وتعزيز الاستمرارية. تحسين كفاءة إدارة البنية التحتية. دعم الأتمتة والتحول الرقمي. | J61: • مشروع البنية التحتية لنظام سطح المكتب الافتراضي • تشغيل وصيانة أنظمة هيئة تقويم التعليم والتدريب • تشغيل وصيانة تطبيق ألف ياء لاختبارات بطارية الذكاء المرتبطة بقياس القدرات العقلية | K61: الإدارة العامة لتقنية المعلومات | L61: شركة بحر العرب لانظمة المعلومات | M61: التقنية | N61: تشغيلي | O61: متوسطة | P61: 45712 | Q61: 46807 | R61: قائم | S61: 11 | T61: 24000000
A62: 61 | B62: تركيب وتشغيل اداة تحليل البيانات وتعلم الآلة جاهزة للتطبيق | C62: 1. دعم اتخاذ القرارات 2. تعزيز الكفاءة التشغيلية وكفاءة الإنفاق 3. تمكين التحول الرقمي | D62: 3. تعزيز الابتكار الرقمي المؤسسي من خلال استثمار التقنيات الناشئة والتحليلات المتقدمة والذكاء الاصطناعي لتطوير حلول رقمية فعّالة لدعم جودة التقويم والتعليم والتدريب، وتسهم في تحسين الكفاءة التشغيلية وتجربة المستفيد 5. تحقيق التميز في تقديم الخدمات الرقمية من خلال التوسع في رقمنة الخدمات، وتحسين تجربة المستفيدين بما يضمن الامتثال لمعايير الحكومة الرقمية | E62: تعزيز القدرات التحليلية والتقنية والذكاء الاصطناعي ◂ 1. مبادرة الذكاء الاصطناعي والتحليلات المتقدمة | F62: GAP-A-10، GAP-B-01، GAP-B-11، GAP-B-12، GAP-B-18، GAP-B-20، GAP-B-21، GAP-B-22، GAP-B-24، GAP-B-25، GAP-D-07، GAP-D-17، GAP-D-20، GAP-D-23 | G62: AR02، AR08، AR17، BR07، DR01 | H62: تشغيل أداة تحليل البيانات وتعلم الآلة لتطوير محرك التقويم الذكي و غيره من التطبيقات التي يمكن تطويرها في الهيئة. | I62: دعم التحليلات التنبؤية المتقدمة. تحسين جودة اتخاذ القرار. تسريع معالجة وتحليل البيانات. تعزيز الابتكار المؤسسي بالذكاء الاصطناعي. | J62: — | K62: الإدارة العامة للبيانات والذكاء الاصطناعي | L62: الشركة السعودية للحاسبات الالكترونية | M62: البيانات | N62: تشغيلي | O62: متوسطة | P62: 14/08/2023 | Q62: 45883 | R62: منتهي | S62: 100 | T62: 2414334
A63: 62 | B63: مشروع خدمة النفاذ الموحد | C63: 4. دعم تحسين تجربة المستفيد 5. تعزيز الحوكمة المؤسسية 6. المواءمة الاستراتيجية | D63: 2. تمكين التكامل التقني مع الجهات الحكومية ذات العلاقة عبر قنوات البيانات الوطنية، لتبادل البيانات وتقديم خدمات موحدة ومترابطة للمستفيدين 5. تحقيق التميز في تقديم الخدمات الرقمية من خلال التوسع في رقمنة الخدمات، وتحسين تجربة المستفيدين بما يضمن الامتثال لمعايير الحكومة الرقمية | E63: رفع جاهزية واستدامة البنية التحتية التقنية ◂ 5. مبادرة تحسين تجربة المستفيد الرقمية | F63: GAP-A-01، GAP-A-07، GAP-A-09، GAP-B-05، GAP-T-3 | G63: AR18، BR03، TR01 | H63: توفير عمليات للخدمة النفاذ الموحد | I63: تسهيل الوصول الموحد لجميع الخدمات. تعزيز الأمان والتحقق الإلكتروني. تقليل الحاجة لحسابات متعددة. التكامل مع المنصات الحكومية. | J63: • تطبيق خدمة النفاذ الوطني الموحد في هيئة تقويم التعليم والتدريب • مشروع استضافة مركز البيانات الى مقدم خدمة بنية تحتية | K63: قطاع البيانات والتحول الرقمي | L63: شركة عِلم | M63: التقنية | N63: تشغيلي | O63: متوسطة | P63: 27/11/2023 | Q63: 27/11/2025 | R63: منتهي | S63: 100 | T63: 24840000
A64: 63 | B64: تطبيق خدمة النفاذ الوطني الموحد في هيئة تقويم التعليم والتدريب | C64: 3. تمكين التحول الرقمي 4. دعم تحسين تجربة المستفيد 5. تعزيز الحوكمة المؤسسية | D64: 1. الامتثال للسياسات ذات العلاقة بمجال البيانات والتحول الرقمي الناشئ من أنظمة الهيئة وخدماتها، ومع تعزيز الاستفادة من البيانات والأنظمة لدعم أعمال الهيئة 2. تمكين التكامل التقني مع الجهات الحكومية ذات العلاقة عبر قنوات البيانات الوطنية، لتبادل البيانات وتقديم خدمات موحدة ومترابطة للمستفيدين 5. تحقيق التميز في تقديم الخدمات الرقمية من خلال التوسع في رقمنة الخدمات، وتحسين تجربة المستفيدين بما يضمن الامتثال لمعايير الحكومة الرقمية | E64: تنفيذ خطة التحول الرقمية وتطبيقها ◂ 5. مبادرة تحسين تجربة المستفيد الرقمية | F64: GAP-B-01، GAP-B-05، GAP-B-14، GAP-B-20، GAP-B-21، GAP-B-22، GAP-B-24، GAP-B-25، GAP-B-28 | G64: AR06، BR03، BR04، BR06، TR01 | H64: تطبيق خدمة النفاذ الوطني الموحد لأنظمة هيئة تقويم التعليم والتدريب لخدمات الافراد | I64: عمليات تسجيل دخول امنه لأنظمة الهيئة للافراد | J64: • تأمين خدمة الرسائل النصية لهيئة تقويم التعليم والتدريب (تجديد العقد) • تشغيل وصيانة أنظمة هيئة تقويم التعليم والتدريب • مشروع الصيانة والدعم الفني لأجهزة البصمة في هيئة تقويم التعليم والتدريب و المراكز التابعة لها | K64: الإدارة العامة للتطوير | L64: — | M64: التطبيقات | N64: تشغيلي | O64: عالية | P64: 46478 | Q64: 47209 | R64: لم يبدأ | S64: 0 | T64: 24840000
A65: 64 | B65: النسخة المحدثة لمؤشر ترتيب | C65: 1. دعم اتخاذ القرارات 3. تمكين التحول الرقمي | D65: 3. تعزيز الابتكار الرقمي المؤسسي من خلال استثمار التقنيات الناشئة والتحليلات المتقدمة والذكاء الاصطناعي لتطوير حلول رقمية فعّالة لدعم جودة التقويم والتعليم والتدريب، وتسهم في تحسين الكفاءة التشغيلية وتجربة المستفيد 5. تحقيق التميز في تقديم الخدمات الرقمية من خلال التوسع في رقمنة الخدمات، وتحسين تجربة المستفيدين بما يضمن الامتثال لمعايير الحكومة الرقمية | E65: تحسين تجربة المستفيد وتوحيد مسار ات تقديم الخدمات الرقمية ◂ 4. مبادرة تطوير الحلول والخدمات الرقمية | F65: GAP-B-01، GAP-B-17، GAP-B-20، GAP-B-21، GAP-B-22، GAP-B-24، GAP-B-25، GAP-D-08، GAP-D-23 | G65: AR04، AR18، BR02 | H65: نسخة محدثة للمؤشر مضافا لها مجموعة من التصنيفات | I65: تقديم تصنيف أكثر دقة وحداثة. دعم قرارات التحسين للجهات التعليمية. تعزيز التنافس الإيجابي. تحسين الشفافية وموثوقية البيانات. | J65: — | K65: مركز تميّز | L65: داخلي | M65: الأعمال و التطبيقات والبيانات | N65: تشغيلي | O65: متوسطة | P65: 45505 | Q65: 30/11/2024 | R65: منتهي | S65: 75
A66: 65 | B66: نظام الاتصالات الإدارية | C66: 2. تعزيز الكفاءة التشغيلية وكفاءة الإنفاق 3. تمكين التحول الرقمي 5. تعزيز الحوكمة المؤسسية | D66: 1. الامتثال للسياسات ذات العلاقة بمجال البيانات والتحول الرقمي الناشئ من أنظمة الهيئة وخدماتها، ومع تعزيز الاستفادة من البيانات والأنظمة لدعم أعمال الهيئة 5. تحقيق التميز في تقديم الخدمات الرقمية من خلال التوسع في رقمنة الخدمات، وتحسين تجربة المستفيدين بما يضمن الامتثال لمعايير الحكومة الرقمية | E66: رفع الكفاءة التشغيلية من خلال الرقمنة ◂ 4. مبادرة تطوير الحلول والخدمات الرقمية | F66: GAP-B-01، GAP-B-02، GAP-B-06، GAP-B-08، GAP-B-10، GAP-B-13، GAP-B-18، GAP-B-20، GAP-B-21، GAP-B-22، GAP-B-24، GAP-B-25 | G66: AR01، BR01 | H66: تطوير نظام إدارة الصادر والوارد والاحالات الداخلية | I66: تسريع معالجة المعاملات الإدارية. تحسين تتبع الوثائق ومتابعتها. تقليل الاعتماد على الورقيات. تعزيز الكفاءة والحوكمة. | J66: • تشغيل و صيانة وتهجير بيانات نظام الاتصالات الإدارية (مراسلات)* | K66: قطاع البيانات والتحول الرقمي | L66: داخلي | M66: الأعمال و التطبيقات | N66: تشغيلي | O66: متوسطة | P66: 45302 | Q66: 31/03/2026 | R66: منتهي | S66: 85 | T66: 2300000
A67: 66 | B67: استخدام الذكاء الاصطناعي لتصحيح الأسئلة المقالية والكتابية | C67: 1. دعم اتخاذ القرارات 2. تعزيز الكفاءة التشغيلية وكفاءة الإنفاق 3. تمكين التحول الرقمي | D67: 3. تعزيز الابتكار الرقمي المؤسسي من خلال استثمار التقنيات الناشئة والتحليلات المتقدمة والذكاء الاصطناعي لتطوير حلول رقمية فعّالة لدعم جودة التقويم والتعليم والتدريب، وتسهم في تحسين الكفاءة التشغيلية وتجربة المستفيد 5. تحقيق التميز في تقديم الخدمات الرقمية من خلال التوسع في رقمنة الخدمات، وتحسين تجربة المستفيدين بما يضمن الامتثال لمعايير الحكومة الرقمية | E67: تنفيذ خطة البيانات والذكاء الاصطناعي وتطبيقها ◂ 1. مبادرة الذكاء الاصطناعي والتحليلات المتقدمة | F67: GAP-B-01، GAP-B-20، GAP-B-21، GAP-B-22، GAP-B-24، GAP-B-25، GAP-D-17 | G67: AR18، BR01، BR02 | H67: استغلال تقنيات الذكاء الاصطناعي لتصحيح الأسئلة المقالية والكتابية لسرعة انجاز تصحيح اجابات المختبرين | I67: تسريع عملية التصحيح. تحسين دقة النتائج وتقليل التحيز البشري. تقليل التكلفة التشغيلية. توسيع القدرة الاستيعابية للاختبارات المقالية. | J67: — | K67: الإدارة العامة لأنظمة الاختبارات | L67: داخلي | M67: التطبيقات و البيانات | N67: تشغيلي | O67: متوسطة | P67: 46661 | Q67: 47757 | R67: لم يبدأ | S67: 0 | T67: 3000000
A68: 67 | B68: تشغيل وصيانة أنظمة الهيئة ومراكزها وتشغيل وصيانة نظام اختبارات الطوارئ | C68: 2. تعزيز الكفاءة التشغيلية وكفاءة الإنفاق 3. تمكين التحول الرقمي 4. دعم تحسين تجربة المستفيد | D68: 4. بناء قدرات رقمية وطنية وتمكين الكفاءات المتخصصة والعامة في مجال البيانات والتحول الرقمي، من خلال مسارات تدريبية مستهدفة متوافقة مع معايير بناء الكفاءات 5. تحقيق التميز في تقديم الخدمات الرقمية من خلال التوسع في رقمنة الخدمات، وتحسين تجربة المستفيدين بما يضمن الامتثال لمعايير الحكومة الرقمية 6. تنظيم الاستفادة من البنية التحتية التقنية بما يضمن استمرارية الأعمال وحوكمة الكفاءة التشغيلية | E68: ◂ 2. مبادرة الجاهزية التشغيلية واستمرارية الأعمال | F68: GAP-A-06، GAP-B-01، GAP-B-04، GAP-B-09، GAP-B-14، GAP-B-15، GAP-B-16، GAP-B-17، GAP-B-20، GAP-B-21، GAP-B-22، GAP-B-24، GAP-B-25، GAP-B-28، GAP-D-03، GAP-D-11، GAP-D-12 | G68: BR06، TR03 | H68: توفير الأدوات التقنية اللازمة والكوادر المؤهلة فنياً لمراقبة جميع الأنشطة والعمليات التي تهدف الى ضمان استمرارية أداء خدمات المؤسسات التعليمية والتدريبية وعملها بشكل سلس وفعال وبكامل طاقتها وعلى النحو الأمثل بشكل مستمر دون توقف 24/7 وتقليل حدوث الأخطاء والمشاكل الفنية وأخذ التدابير الاستباقية والاستجابة الكاملة لمتطلبات التغيير لضمان تحسين ورفع جودتها وتلبية متطلبات العمل وتحسين تجربة المستخدم.. | I68: ضمان استمرارية الخدمات التقنية • تقليل الأعطال والانقطاعات • دعم منظومة الاختبارات والتقويم • رفع جودة إجراء الاختبارات الرقمية | J68: • تشغيل وصيانة اختبارات الطوارئ والاختبارات المؤسسية | K68: — | L68: — | M68: التطبيقات و التقنية و الأعمال | N68: تشغيلي | O68: عالية | P68: 46117 | Q68: 46848 | R68: لم يبدأ | S68: 0 | T68: 85780800
A69: 68 | B69: تجديد استضافة مركز البيانات مع مقدم خدمة بنية تحتية | C69: 1. دعم اتخاذ القرارات 2. تعزيز الكفاءة التشغيلية وكفاءة الإنفاق 4. دعم تحسين تجربة المستفيد | D69: 1. الامتثال للسياسات ذات العلاقة بمجال البيانات والتحول الرقمي الناشئ من أنظمة الهيئة وخدماتها، ومع تعزيز الاستفادة من البيانات والأنظمة لدعم أعمال الهيئة 3. تعزيز الابتكار الرقمي المؤسسي من خلال استثمار التقنيات الناشئة والتحليلات المتقدمة والذكاء الاصطناعي لتطوير حلول رقمية فعّالة لدعم جودة التقويم والتعليم والتدريب، وتسهم في تحسين الكفاءة التشغيلية وتجربة المستفيد 6. تنظيم الاستفادة من البنية التحتية التقنية بما يضمن استمرارية الأعمال وحوكمة الكفاءة التشغيلية | E69: رفع جاهزية واستدامة البنية التحتية التقنية ◂ 3. مبادرة تعزيز كفاءة واستدامة البنية التحتية التقنية | F69: GAP-B-14، GAP-B-28، GAP-D-03، GAP-D-11، GAP-D-12، GAP-T-2، GAP-T-10، GAP-T-15، GAP-T-19 | G69: BR06، TR03 | H69: استضافة مركز البيانات هيئة تقويم التعليم والتدريب من مقدم خدمة لعدم جاهزية الموقع الحالي | I69: تعزيز موثوقية واستمرارية الخدمات من خلال استضافة احترافية ببيئة مؤمنة. تقليل التكاليف التشغيلية المرتبطة بإدارة البنية التحتية داخليًا. رفع مستوى الأمان والامتثال بمعايير مراكز البيانات المعتمدة (Tier-III أو أعلى). تمكين التوسع التقني السريع دون الحاجة لاستثمارات بنية تحتية داخلية إضافية. | J69: • مشروع استضافة مركز البيانات الى مقدم خدمة بنية تحتية | K69: الإدارة العامة لتقنية المعلومات | L69: — | M69: التقنية | N69: تشغيلي | O69: عالية | P69: 46113 | Q69: 46478 | R69: لم يبدأ | S69: 0 | T69: 5500000
A70: 69 | B70: توفير حل متقدم لنظام DNS للبيانات الداخلية والخارجية | C70: 1. دعم اتخاذ القرارات 2. تعزيز الكفاءة التشغيلية وكفاءة الإنفاق 3. تمكين التحول الرقمي | D70: 3. تعزيز الابتكار الرقمي المؤسسي من خلال استثمار التقنيات الناشئة والتحليلات المتقدمة والذكاء الاصطناعي لتطوير حلول رقمية فعّالة لدعم جودة التقويم والتعليم والتدريب، وتسهم في تحسين الكفاءة التشغيلية وتجربة المستفيد 6. تنظيم الاستفادة من البنية التحتية التقنية بما يضمن استمرارية الأعمال وحوكمة الكفاءة التشغيلية | E70: ◂ 3. مبادرة تعزيز كفاءة واستدامة البنية التحتية التقنية | F70: GAP-A-06، GAP-T-1، GAP-T-4، GAP-T-17 | G70: AR07، TR03، TR04 | H70: توفير وإدارة حل DNS خارجي وداخلي مع ميزات متقدمة للأمان وقابلية التوسع، حيث يحمي الشبكة من ثغرات DNS | I70: دعم اتخاذ القرار المبني على البيانات • تعزيز القدرات التحليلية للهيئة | J70: — | K70: — | L70: — | M70: البيانات و التطبيقات و التقنية | N70: تشغيلي | O70: متوسطة | P70: 46113 | Q70: 47209 | R70: لم يبدأ | S70: 0 | T70: 5000000
A71: 70 | B71: رخص أمن الشبكة | C71: 1. دعم اتخاذ القرارات 2. تعزيز الكفاءة التشغيلية وكفاءة الإنفاق 5. تعزيز الحوكمة المؤسسية | D71: 1. الامتثال للسياسات ذات العلاقة بمجال البيانات والتحول الرقمي الناشئ من أنظمة الهيئة وخدماتها، ومع تعزيز الاستفادة من البيانات والأنظمة لدعم أعمال الهيئة 3. تعزيز الابتكار الرقمي المؤسسي من خلال استثمار التقنيات الناشئة والتحليلات المتقدمة والذكاء الاصطناعي لتطوير حلول رقمية فعّالة لدعم جودة التقويم والتعليم والتدريب، وتسهم في تحسين الكفاءة التشغيلية وتجربة المستفيد 6. تنظيم الاستفادة من البنية التحتية التقنية بما يضمن استمرارية الأعمال وحوكمة الكفاءة التشغيلية | E71: ◂ 3. مبادرة تعزيز كفاءة واستدامة البنية التحتية التقنية | F71: GAP-A-05، GAP-D-29، GAP-T-1، GAP-T-12، GAP-T-14 | G71: AR07، TR03، TR04 | H71: تجديد رخص المعدات الشبكية لمركز البيانات | I71: استمرارية دعم الأنظمة الحيوية • الحفاظ على الأمان والتحديثات • الامتثال للمتطلبات التعاقدية • رفع موثوقية البنية التحتية • دعم التوسع ومرونة الأنظمة | J71: — | K71: — | L71: — | M71: البيانات و التقنية و الأمن السيبراني | N71: تشغيلي | O71: متوسطة | P71: 46032 | Q71: 47128 | R71: لم يبدأ | S71: 0 | T71: 10000000
A72: 71 | B72: تجديد رخص ميراكي | C72: 2. تعزيز الكفاءة التشغيلية وكفاءة الإنفاق 3. تمكين التحول الرقمي 4. دعم تحسين تجربة المستفيد | D72: 1. الامتثال للسياسات ذات العلاقة بمجال البيانات والتحول الرقمي الناشئ من أنظمة الهيئة وخدماتها، ومع تعزيز الاستفادة من البيانات والأنظمة لدعم أعمال الهيئة 5. تحقيق التميز في تقديم الخدمات الرقمية من خلال التوسع في رقمنة الخدمات، وتحسين تجربة المستفيدين بما يضمن الامتثال لمعايير الحكومة الرقمية 6. تنظيم الاستفادة من البنية التحتية التقنية بما يضمن استمرارية الأعمال وحوكمة الكفاءة التشغيلية | E72: ترشيد الإنفاق التقني وإدارة الرخص بفعالية ◂ 2. مبادرة الجاهزية التشغيلية واستمرارية الأعمال | F72: GAP-A-04، GAP-A-06، GAP-D-03، GAP-D-11، GAP-D-12، GAP-T-9، GAP-T-12، GAP-T-15 | G72: BR15، TR03، TR04 | H72: تجديد رخص تشغيل شبكة المقرات المحوسبة | I72: ضمان استمرارية عمل الشبكات السحابية. تحسين إدارة ومراقبة الشبكة عن بُعد. تقليل زمن الانقطاعات عبر الرؤية الموحدة. رفع كفاءة الأداء الشبكي المؤسسي. | J72: — | K72: الإدارة العامة لتقنية المعلومات | L72: — | M72: التقنية | N72: تشغيلي | O72: متوسطة | P72: 46661 | Q72: 47757 | R72: لم يبدأ | S72: 0 | T72: 3000000
A73: 72 | B73: إعداد وثائق فنية وأمنية موحدة لجميع التطبيقات | C73: 2. تعزيز الكفاءة التشغيلية وكفاءة الإنفاق 3. تمكين التحول الرقمي 5. تعزيز الحوكمة المؤسسية | D73: 1. الامتثال للسياسات ذات العلاقة بمجال البيانات والتحول الرقمي الناشئ من أنظمة الهيئة وخدماتها، ومع تعزيز الاستفادة من البيانات والأنظمة لدعم أعمال الهيئة 2. تمكين التكامل التقني مع الجهات الحكومية ذات العلاقة عبر قنوات البيانات الوطنية، لتبادل البيانات وتقديم خدمات موحدة ومترابطة للمستفيدين 5. تحقيق التميز في تقديم الخدمات الرقمية من خلال التوسع في رقمنة الخدمات، وتحسين تجربة المستفيدين بما يضمن الامتثال لمعايير الحكومة الرقمية | E73: تنفيذ خطة التحول الرقمية وتطبيقها ◂ 4. مبادرة تطوير الحلول والخدمات الرقمية | F73: GAP-A-01، GAP-A-02، GAP-A-03، GAP-A-05، GAP-A-07، GAP-A-08، GAP-A-09، GAP-B-01، GAP-B-02، GAP-B-05، GAP-B-06، GAP-B-08، GAP-B-10، GAP-B-13، GAP-B-20، GAP-B-21، GAP-B-22، GAP-B-23، GAP-B-24، GAP-B-25، GAP-T-5 | G73: AR03، BR01، BR02، BR09، TR01 | H73: يهدف المشروع إلى إعداد وتوحيد الوثائق الفنية والأمنية لجميع التطبيقات المستخدمة في الهيئة، بما يشمل معمارية الأنظمة، تدفقات البيانات، آليات التحقق والتشفير، إدارة الصلاحيات، وخطط الاستجابة للحوادث، وذلك لضمان التكامل بين فرق التطوير والتشغيل والأمن السيبراني، وتعزيز الحوكمة التقنية. | I73: تعزيز الأمن السيبراني وتقليل الثغرات الناتجة عن نقص التوثيق. تسهيل إدارة التغيير والصيانة من خلال توثيق واضح ومعتمد. رفع جاهزية الفرق الفنية في الاستجابة للحوادث أو تدقيقات الامتثال. | J73: — | K73: الإدارة العامة للتطوير | L73: — | M73: التطبيقات | N73: تشغيلي | O73: متوسطة | P73: 46661 | Q73: 47027 | R73: لم يبدأ | S73: 0 | T73: 3000000
A74: 73 | B74: نظام توحيد وأتمتة الأرشفة طويلة الأجل | C74: 1. دعم اتخاذ القرارات 3. تمكين التحول الرقمي 5. تعزيز الحوكمة المؤسسية | D74: 1. الامتثال للسياسات ذات العلاقة بمجال البيانات والتحول الرقمي الناشئ من أنظمة الهيئة وخدماتها، ومع تعزيز الاستفادة من البيانات والأنظمة لدعم أعمال الهيئة 3. تعزيز الابتكار الرقمي المؤسسي من خلال استثمار التقنيات الناشئة والتحليلات المتقدمة والذكاء الاصطناعي لتطوير حلول رقمية فعّالة لدعم جودة التقويم والتعليم والتدريب، وتسهم في تحسين الكفاءة التشغيلية وتجربة المستفيد | E74: تنفيذ خطة البيانات والذكاء الاصطناعي وتطبيقها ◂ 2. مبادرة الجاهزية التشغيلية واستمرارية الأعمال | F74: GAP-B-01، GAP-B-08، GAP-B-20، GAP-B-21، GAP-B-22، GAP-B-24، GAP-B-25، GAP-D-03، GAP-D-11، GAP-D-12، GAP-D-16، GAP-D-27 | G74: AR04، AR19، BR02، BR19، TR03 | H74: يهدف المشروع إلى إنشاء نظام موحد ومؤتمت لأرشفة البيانات طويلة الأجل، يُعنى بتجميع الوثائق والبيانات النهائية من مختلف الأنظمة والأقسام، وتصنيفها وفق معايير الأرشفة الرقمية، مع ضمان حمايتها، سهولة الوصول إليها، وامتثالها للسياسات الوطنية ومعايير إدارة السجلات. | I74: ضمان حفظ البيانات الحيوية بطريقة آمنة ومنظمة على المدى الطويل. تقليل الاعتماد على الأرشفة اليدوية وتقليل الأخطاء البشرية. تحسين استرجاع البيانات المؤرشفة عند الطلب وتسهيل الامتثال التنظيمي. | J74: — | K74: الإدارة العامة للبيانات والذكاء الاصطناعي | L74: — | M74: البيانات | N74: رأسمالي/تشغيلي | O74: منخفضة | P74: 46661 | Q74: 47392 | R74: لم يبدأ | S74: 0 | T74: 1800000
A75: 74 | B75: تفعيل SDN للتحكم الذكي بالشبكات | C75: 2. تعزيز الكفاءة التشغيلية وكفاءة الإنفاق 3. تمكين التحول الرقمي 5. تعزيز الحوكمة المؤسسية | D75: 5. تحقيق التميز في تقديم الخدمات الرقمية من خلال التوسع في رقمنة الخدمات، وتحسين تجربة المستفيدين بما يضمن الامتثال لمعايير الحكومة الرقمية 6. تنظيم الاستفادة من البنية التحتية التقنية بما يضمن استمرارية الأعمال وحوكمة الكفاءة التشغيلية | E75: رفع جاهزية واستدامة البنية التحتية التقنية ◂ 3. مبادرة تعزيز كفاءة واستدامة البنية التحتية التقنية | F75: GAP-A-06، GAP-B-01، GAP-B-20، GAP-B-21، GAP-B-22، GAP-B-24، GAP-B-25، GAP-T-4، GAP-T-6، GAP-T-11، GAP-T-17 | G75: BR19، TR04 | H75: يهدف المشروع إلى تفعيل تقنية الشبكات المعرفة بالبرمجيات (SDN) لتمكين التحكم المركزي والذكي في الشبكة عبر برمجيات قابلة للتكوين الديناميكي، مما يتيح مراقبة الشبكة، توزيع الأحمال، وتطبيق السياسات بشكل لحظي بناءً على متطلبات الأداء والأمان، دون الحاجة لتعديلات يدوية على الأجهزة الشبكية. | I75: تحسين إدارة الشبكة والتوزيع الذكي للموارد بشكل مركزي. تسريع الاستجابة للأعطال وتغيير السياسات بدون تدخل يدوي. رفع مرونة الشبكة لمواكبة التوسع والتحديثات التقنية. | J75: — | K75: الإدارة العامة لتقنية المعلومات | L75: — | M75: التقنية | N75: رأسمالي/تشغيلي | O75: متوسطة | P75: — | Q75: — | R75: ملغي | S75: 0 | T75: 3500000
A76: 75 | B76: تطبيق نظام إدارة التكوين التلقائي | C76: 1. دعم اتخاذ القرارات 2. تعزيز الكفاءة التشغيلية وكفاءة الإنفاق 3. تمكين التحول الرقمي | D76: 3. تعزيز الابتكار الرقمي المؤسسي من خلال استثمار التقنيات الناشئة والتحليلات المتقدمة والذكاء الاصطناعي لتطوير حلول رقمية فعّالة لدعم جودة التقويم والتعليم والتدريب، وتسهم في تحسين الكفاءة التشغيلية وتجربة المستفيد 5. تحقيق التميز في تقديم الخدمات الرقمية من خلال التوسع في رقمنة الخدمات، وتحسين تجربة المستفيدين بما يضمن الامتثال لمعايير الحكومة الرقمية 6. تنظيم الاستفادة من البنية التحتية التقنية بما يضمن استمرارية الأعمال وحوكمة الكفاءة التشغيلية | E76: رفع جاهزية واستدامة البنية التحتية التقنية ◂ 3. مبادرة تعزيز كفاءة واستدامة البنية التحتية التقنية | F76: GAP-B-01، GAP-B-20، GAP-B-21، GAP-B-22، GAP-B-24، GAP-B-25، GAP-D-14، GAP-D-22، GAP-D-28، GAP-D-29، GAP-T-13، GAP-T-14، GAP-T-20 | G76: AR07، BR02، TR03 | H76: يهدف المشروع إلى تطبيق نظام إدارة التكوين التلقائي لتمكين أتمتة عمليات إعداد ونشر ومتابعة إعدادات الأنظمة التقنية، بما يشمل الخوادم، الشبكات، قواعد البيانات، والأنظمة التشغيلية، مع تقليل التدخل اليدوي وتحقيق التوافق بين بيئات التشغيل المختلفة وتحسين استجابة التغييرات التقنية. | I76: تسريع عمليات النشر والتحديث عبر أتمتة خطوات الإعداد والتكوين. تقليل الأخطاء البشرية وتحقيق اتساق في الإعدادات بين البيئات. تحسين الاستجابة للأعطال والتغييرات عبر إدارة مركزية مرنة وقابلة للتتبع. | J76: • تطوير نظامي إدارة استكشاف الأصول التقنية والأجهزة الطرفية • رفع مستوى نضج تطبيق ممارسات إدارة البيانات • إنشاء نظام مركزي لأتمتة إدارة المشاريع وقياس الأداء المؤسسي | K76: الإدارة العامة لتقنية المعلومات | L76: — | M76: التقنية | N76: رأسمالي/تشغيلي | O76: متوسطة | P76: — | Q76: — | R76: ملغي | S76: 0 | T76: 2800000
A77: 76 | B77: تطوير خطة شاملة لإدارة البيانات والذكاء الاصطناعي تغطي الحوكمة والهندسة والجودة | C77: 1. دعم اتخاذ القرارات 5. تعزيز الحوكمة المؤسسية 6. المواءمة الاستراتيجية | D77: 1. الامتثال للسياسات ذات العلاقة بمجال البيانات والتحول الرقمي الناشئ من أنظمة الهيئة وخدماتها، ومع تعزيز الاستفادة من البيانات والأنظمة لدعم أعمال الهيئة 2. تمكين التكامل التقني مع الجهات الحكومية ذات العلاقة عبر قنوات البيانات الوطنية، لتبادل البيانات وتقديم خدمات موحدة ومترابطة للمستفيدين 3. تعزيز الابتكار الرقمي المؤسسي من خلال استثمار التقنيات الناشئة والتحليلات المتقدمة والذكاء الاصطناعي لتطوير حلول رقمية فعّالة لدعم جودة التقويم والتعليم والتدريب، وتسهم في تحسين الكفاءة التشغيلية وتجربة المستفيد | E77: إعداد خطة للبيانات والذكاء الاصطناعي تشمل جميع جوانب البيانات والذكاء الاصطناعي مثل الحوكمة والهندسة والجودة وما إلى ذلك… ◂ 1. مبادرة الذكاء الاصطناعي والتحليلات المتقدمة | F77: GAP-A-01، GAP-A-09، GAP-B-02، GAP-B-05، GAP-B-06، GAP-B-10، GAP-B-13، GAP-D-01، GAP-D-02، GAP-D-06، GAP-D-13، GAP-D-24، GAP-D-25، GAP-D-26، GAP-D-30، GAP-D-31 | G77: AR05، AR17، BR01، BR02، DR01 | H77: يهدف المشروع إلى تطوير خطة استراتيجية شاملة لإدارة البيانات وتفعيل الذكاء الاصطناعي داخل الهيئة، تغطي الجوانب الأساسية مثل: حوكمة البيانات، هندستها، جودة البيانات، الأمان، التكامل، إدارة البيانات الرئيسية والوصفية، بالإضافة إلى خارطة طريق لاستخدامات الذكاء الاصطناعي في تحسين الخدمات والعمليات، بما يتوافق مع المعايير الوطنية والدولية. | I77: توحيد الرؤية المؤسسية في إدارة البيانات وتفعيل الذكاء الاصطناعي. تمكين المبادرات المستقبلية بالاعتماد على بيانات مؤسسية ذات جودة عالية. رفع جاهزية الهيئة لاستخدام تقنيات التحليل المتقدم واتخاذ القرار الذكي. | J77: — | K77: الإدارة العامة للبيانات والذكاء الاصطناعي | L77: — | M77: البيانات | N77: رأسمالي/تشغيلي | O77: متوسطة | P77: 46478 | Q77: 46844 | R77: لم يبدأ | S77: 0 | T77: 2000000
A78: 77 | B78: تطوير وتحسين نماذج هيكلة البيانات | C78: 1. دعم اتخاذ القرارات 3. تمكين التحول الرقمي 6. المواءمة الاستراتيجية | D78: 1. الامتثال للسياسات ذات العلاقة بمجال البيانات والتحول الرقمي الناشئ من أنظمة الهيئة وخدماتها، ومع تعزيز الاستفادة من البيانات والأنظمة لدعم أعمال الهيئة 2. تمكين التكامل التقني مع الجهات الحكومية ذات العلاقة عبر قنوات البيانات الوطنية، لتبادل البيانات وتقديم خدمات موحدة ومترابطة للمستفيدين 3. تعزيز الابتكار الرقمي المؤسسي من خلال استثمار التقنيات الناشئة والتحليلات المتقدمة والذكاء الاصطناعي لتطوير حلول رقمية فعّالة لدعم جودة التقويم والتعليم والتدريب، وتسهم في تحسين الكفاءة التشغيلية وتجربة المستفيد | E78: تطوير وتحسين نماذج هيكلة البيانات ◂ 1. مبادرة الذكاء الاصطناعي والتحليلات المتقدمة | F78: GAP-A-01، GAP-A-02، GAP-A-03، GAP-A-08، GAP-A-09، GAP-B-01، GAP-B-02، GAP-B-05، GAP-B-06، GAP-B-08، GAP-B-10، GAP-B-13، GAP-B-20، GAP-B-21، GAP-B-22، GAP-B-24، GAP-B-25، GAP-D-01، GAP-D-06، GAP-D-14، GAP-D-22، GAP-D-26، GAP-D-28، GAP-D-31 | G78: AR17، AR18، BR01، BR02، DR01 | H78: يهدف المشروع إلى تطوير نماذج مفاهيمية ومنطقية وفيزيائية شاملة لهيكلة البيانات، بما يتماشى مع متطلبات الأتمتة والتكامل بين الأنظمة، ويضمن اتساق البيانات ومرجعيتها. يشمل ذلك توثيق الكيانات والعلاقات، تعزيز جودة النماذج، وربطها بخطط الحوكمة والهندسة المؤسسية لتمكين التحليل والذكاء المؤسسي. | I78: تحقيق التكامل الفعال بين الأنظمة وقواعد البيانات المختلفة. تحسين جودة البيانات عبر نماذج موحدة وواضحة. تمكين التحليل المتقدم والاستخدام الذكي للبيانات. | J78: • تطوير خطة شاملة لإدارة البيانات والذكاء الاصطناعي تغطي الحوكمة والهندسة والجودة • تطوير منصة تكامل البيانات وانشاء مستودع البيانات المركزي • توثيق وتطوير خدمات الأعمال وتحسين تجربة المستفيد | K78: الإدارة العامة للبيانات والذكاء الاصطناعي | L78: — | M78: البيانات | N78: تشغيلي | O78: متوسطة | P78: 46478 | Q78: 46844 | R78: لم يبدأ | S78: 0 | T78: 1200000
A79: 78 | B79: توحيد منهجية تشغيل وصيانة الخوادم وربطها بالأصول | C79: 2. تعزيز الكفاءة التشغيلية وكفاءة الإنفاق 5. تعزيز الحوكمة المؤسسية 6. المواءمة الاستراتيجية | D79: 1. الامتثال للسياسات ذات العلاقة بمجال البيانات والتحول الرقمي الناشئ من أنظمة الهيئة وخدماتها، ومع تعزيز الاستفادة من البيانات والأنظمة لدعم أعمال الهيئة 2. تمكين التكامل التقني مع الجهات الحكومية ذات العلاقة عبر قنوات البيانات الوطنية، لتبادل البيانات وتقديم خدمات موحدة ومترابطة للمستفيدين 6. تنظيم الاستفادة من البنية التحتية التقنية بما يضمن استمرارية الأعمال وحوكمة الكفاءة التشغيلية | E79: رفع جاهزية واستدامة البنية التحتية التقنية ◂ 3. مبادرة تعزيز كفاءة واستدامة البنية التحتية التقنية | F79: GAP-A-01، GAP-A-02، GAP-A-03، GAP-A-08، GAP-A-09، GAP-B-02، GAP-B-05، GAP-B-06، GAP-B-08، GAP-B-10، GAP-B-13، GAP-T-13، GAP-T-14 | G79: AR07، AR18، BR01، BR02، BR18 | H79: مشروع يهدف إلى وضع سياسة تقنية وتنفيذية شاملة لإدارة دورة حياة الخوادم، تشمل: التقييم، التحديث، الاستبدال، والتخلص الآمن، إضافة إلى توثيق تواريخ الصيانة والانتهاء، وربطها بأنظمة إدارة الأصول والبنية التحتية. | I79: تنظيم وإدارة دورة حياة الخوادم من خلال سياسة واضحة تغطي التقييم، التحديث، الاستبدال، والتخلص الآمن. تعزيز تكامل الخوادم مع أنظمة إدارة الأصول والبنية التحتية لضمان دقة المعلومات وكفاءة المتابعة. رفع كفاءة الصيانة والتشغيل من خلال توثيق التواريخ الحاسمة مثل تواريخ الصيانة والانتهاء. تحسين الحوكمة التقنية وتقليل المخاطر التشغيلية عبر التخلص المنظم والآمن من الخوادم غير الفعالة أو المنتهية الصلاحية. | J79: — | K79: الإدارة العامة لتقنية المعلومات | L79: — | M79: التقنية | N79: تشغيلي | O79: متوسطة | P79: 46478 | Q79: 47574 | R79: لم يبدأ | S79: 0 | T79: 1000000
A80: 79 | B80: إنشاء نظام مركزي لأتمتة إدارة المشاريع وقياس الأداء المؤسسي | C80: 1. دعم اتخاذ القرارات 3. تمكين التحول الرقمي 6. المواءمة الاستراتيجية | D80: 1. الامتثال للسياسات ذات العلاقة بمجال البيانات والتحول الرقمي الناشئ من أنظمة الهيئة وخدماتها، ومع تعزيز الاستفادة من البيانات والأنظمة لدعم أعمال الهيئة 2. تمكين التكامل التقني مع الجهات الحكومية ذات العلاقة عبر قنوات البيانات الوطنية، لتبادل البيانات وتقديم خدمات موحدة ومترابطة للمستفيدين 3. تعزيز الابتكار الرقمي المؤسسي من خلال استثمار التقنيات الناشئة والتحليلات المتقدمة والذكاء الاصطناعي لتطوير حلول رقمية فعّالة لدعم جودة التقويم والتعليم والتدريب، وتسهم في تحسين الكفاءة التشغيلية وتجربة المستفيد | E80: رفع الكفاءة التشغيلية من خلال الرقمنة ◂ 6. مبادرة التمكين الرقمي | F80: GAP-A-01، GAP-A-09، GAP-B-01، GAP-B-02، GAP-B-05، GAP-B-06، GAP-B-10، GAP-B-13، GAP-B-20، GAP-B-21، GAP-B-22، GAP-B-24، GAP-B-25، GAP-D-09، GAP-D-15 | G80: AR02، AR11، AR12، AR18، BR01، BR02، BR14 | H80: يهدف المشروع إلى إنشاء نظام مركزي موحد لأتمتة أعمال ووظائف إدارة المشاريع وإدارة الأداء المؤسسي، بما يشمل توحيد الأدوات والمنهجيات، وتوفير لوحات مؤشرات ذكية لدعم اتخاذ القرار، ورفع كفاءة المتابعة والتقارير، وتحقيق التكامل بين مختلف الإدارات ضمن إطار حوكمة موحد. | I80: رفع كفاءة إدارة المشاريع والأداء المؤسسي من خلال أتمتة العمليات وتوحيد الأدوات والمنهجيات. تحسين سرعة ودقة اتخاذ القرار عبر لوحات مؤشرات وتقارير ذكية وآنية. تعزيز التكامل بين الإدارات والفرق من خلال نظام مركزي موحد يربط البيانات والإجراءات ذات العلاقة. دعم الحوكمة المؤسسية والامتثال من خلال تتبع مؤشرات الأداء وتنفيذ المشاريع وفق معايير موثوقة. | J80: — | K80: الإدارة العامة للتخطيط و التميز المؤسسي | L80: — | M80: التقنية | N80: تشغيلي | O80: متوسطة | P80: — | Q80: — | R80: ملغي | S80: 0 | T80: 3000000
A81: 80 | B81: مشروع الأرشفة المؤسسية للتطبيقات الرقمية | C81: 2. تعزيز الكفاءة التشغيلية وكفاءة الإنفاق 3. تمكين التحول الرقمي 5. تعزيز الحوكمة المؤسسية | D81: 1. الامتثال للسياسات ذات العلاقة بمجال البيانات والتحول الرقمي الناشئ من أنظمة الهيئة وخدماتها، ومع تعزيز الاستفادة من البيانات والأنظمة لدعم أعمال الهيئة 3. تعزيز الابتكار الرقمي المؤسسي من خلال استثمار التقنيات الناشئة والتحليلات المتقدمة والذكاء الاصطناعي لتطوير حلول رقمية فعّالة لدعم جودة التقويم والتعليم والتدريب، وتسهم في تحسين الكفاءة التشغيلية وتجربة المستفيد 6. تنظيم الاستفادة من البنية التحتية التقنية بما يضمن استمرارية الأعمال وحوكمة الكفاءة التشغيلية | E81: رفع جاهزية واستدامة البنية التحتية التقنية ◂ 2. مبادرة الجاهزية التشغيلية واستمرارية الأعمال | F81: GAP-A-02، GAP-A-03، GAP-A-05، GAP-A-08، GAP-B-01، GAP-B-02، GAP-B-05، GAP-B-06، GAP-B-08، GAP-B-10، GAP-B-13، GAP-B-20، GAP-B-21، GAP-B-22، GAP-B-24، GAP-B-25، GAP-D-16، GAP-D-27، GAP-T-13، GAP-T-14 | G81: AR19، BR01، BR19 | H81: يهدف المشروع إلى تنفيذ عملية أرشفة التطبيقات الرقمية المؤهلة، من خلال نقلها إلى بيئة أرشفة آمنة، وتوثيق بياناتها التشغيلية، وضمان حفظها وفق المعايير المؤسسية المعتمدة، بما يضمن تقليل الأعباء التقنية وتحسين كفاءة إدارة الموارد. | I81: تقليل العبء التشغيلي والتقني من خلال إخراج التطبيقات غير النشطة من بيئة الإنتاج. تحسين إدارة الموارد التقنية عبر تحرير الخوادم وسعات التخزين المرتبطة بالتطبيقات المؤرشفة. ضمان الحفظ الآمن والمنظم للتطبيقات وفق سياسات الأرشفة المؤسسية والمعايير الفنية. رفع كفاءة الحوكمة التقنية من خلال توثيق البيانات التاريخية للتطبيقات وإدارتها بطريقة مركزية. | J81: • تعزيز جاهزية الابتكار واستدامته في البيئة الرقمية المؤسسية • مشروع أتمتة إجراءات دخول الاختبارات في المقرات الرقميه | K81: الإدارة العامة لتقنية المعلومات | L81: — | M81: التطبيقات | N81: تشغيلي | O81: متوسطة | P81: — | Q81: — | R81: ملغي | S81: 0 | T81: 2000000
A82: 81 | B82: تطوير منصة تكامل البيانات وانشاء مستودع البيانات المركزي | C82: 1. دعم اتخاذ القرارات 3. تمكين التحول الرقمي 6. المواءمة الاستراتيجية | D82: 1. الامتثال للسياسات ذات العلاقة بمجال البيانات والتحول الرقمي الناشئ من أنظمة الهيئة وخدماتها، ومع تعزيز الاستفادة من البيانات والأنظمة لدعم أعمال الهيئة 3. تعزيز الابتكار الرقمي المؤسسي من خلال استثمار التقنيات الناشئة والتحليلات المتقدمة والذكاء الاصطناعي لتطوير حلول رقمية فعّالة لدعم جودة التقويم والتعليم والتدريب، وتسهم في تحسين الكفاءة التشغيلية وتجربة المستفيد 5. تحقيق التميز في تقديم الخدمات الرقمية من خلال التوسع في رقمنة الخدمات، وتحسين تجربة المستفيدين بما يضمن الامتثال لمعايير الحكومة الرقمية | E82: رفع كفاءة اتخاذ القرار المبني على البيانات ◂ 1. مبادرة الذكاء الاصطناعي والتحليلات المتقدمة | F82: GAP-A-01، GAP-A-09، GAP-A-10، GAP-B-01، GAP-B-02، GAP-B-05، GAP-B-06، GAP-B-10، GAP-B-13، GAP-B-20، GAP-B-21، GAP-B-22، GAP-B-24، GAP-B-25، GAP-D-01، GAP-D-02، GAP-D-04، GAP-D-05، GAP-D-06، GAP-D-07، GAP-D-17، GAP-D-20، GAP-D-23، GAP-D-24، GAP-D-25، GAP-D-26، GAP-D-30، GAP-D-31 | G82: AR02، BR01، BR02، DR01، TR01 | H82: يهدف المشروع إلى تطوير منصة مركزية لتكامل البيانات بين الأنظمة والتطبيقات المختلفة في الهيئة، وإنشاء مستودع بيانات مركزي (Data Warehouse) يدعم جمع البيانات من كافة الكيانات المؤسسية، ويُتيح استخدامها في التحليل واتخاذ القرار. يشمل المشروع توحيد مصادر البيانات، وتوسيع نطاق التغطية، وتطبيق أفضل ممارسات الحوكمة والجودة لضمان دقة وموثوقية البيانات. | I82: تحقيق تكامل شامل للبيانات المؤسسية عبر منصة موحدة تربط بين جميع الأنظمة والكيانات. توفير مستودع بيانات مركزي داعم للتحليل واتخاذ القرار من خلال تجميع وتنظيم البيانات بطريقة منهجية. رفع جودة البيانات ودقتها وموثوقيتها عبر تطبيق آليات حوكمة البيانات ومعايير التحقق والتنظيف. تمكين التحليلات المتقدمة والذكاء المؤسسي من خلال بنية بيانات متكاملة تدعم تقارير الأداء والتخطيط الاستراتيجي. | J82: — | K82: الإدارة العامة للبيانات والذكاء الاصطناعي | L82: — | M82: البيانات | N82: تشغيلي | O82: متوسطة | P82: 46478 | Q82: 46844 | R82: لم يبدأ | S82: 0 | T82: 3000000
A83: 82 | B83: تعزيز جاهزية الابتكار واستدامته في البيئة الرقمية المؤسسية | C83: 3. تمكين التحول الرقمي 5. تعزيز الحوكمة المؤسسية 6. المواءمة الاستراتيجية | D83: 1. الامتثال للسياسات ذات العلاقة بمجال البيانات والتحول الرقمي الناشئ من أنظمة الهيئة وخدماتها، ومع تعزيز الاستفادة من البيانات والأنظمة لدعم أعمال الهيئة 3. تعزيز الابتكار الرقمي المؤسسي من خلال استثمار التقنيات الناشئة والتحليلات المتقدمة والذكاء الاصطناعي لتطوير حلول رقمية فعّالة لدعم جودة التقويم والتعليم والتدريب، وتسهم في تحسين الكفاءة التشغيلية وتجربة المستفيد 4. بناء قدرات رقمية وطنية وتمكين الكفاءات المتخصصة والعامة في مجال البيانات والتحول الرقمي، من خلال مسارات تدريبية مستهدفة متوافقة مع معايير بناء الكفاءات | E83: تنفيذ خطة التحول الرقمية وتطبيقها ◂ 6. مبادرة التمكين الرقمي | F83: GAP-B-02، GAP-B-05، GAP-B-06، GAP-B-10، GAP-B-13، GAP-B-14، GAP-B-28، GAP-D-07، GAP-D-17، GAP-D-20، GAP-D-23 | G83: BR01، BR05، BR06، BR07، DR01 | H83: يهدف المشروع إلى تطوير بيئة مؤسسية ممكنة للابتكار في مجال التحول الرقمي، من خلال بناء أطر الحوكمة والممارسات الابتكارية، وتفعيل أدوات ومنصات تمكّن الجهات من تبني الأفكار المبتكرة، وتحويلها إلى مبادرات رقمية قابلة للتنفيذ، بما يضمن استدامة الابتكار وتحقيق أثر ملموس في خدمات الحكومة الرقمية. | I83: رفع جاهزية الجهة لتبني الابتكار الرقمي من خلال تطوير السياسات والأطر التنظيمية الداعمة للابتكار في سياق الحكومة الرقمية. تحفيز وتفعيل البيئة الابتكارية المؤسسية عبر إنشاء منصات ومختبرات لتوليد الأفكار وتحويلها إلى مبادرات رقمية قابلة للتنفيذ. تمكين منسوبي الجهة من تبني ثقافة الابتكار من خلال التدريب على أدوات ومنهجيات حديثة مثل التفكير التصميمي (Design Thinking). ضمان استدامة الابتكار المؤسسي بربطه بمؤشرات الأداء، ومتابعة تأثيره على جودة الخدمات وكفاءة التحول الرقمي. | J83: • تعزيز الجاهزية المؤسسية لاستمرارية الأعمال- المرحلة الأولى | K83: قطاع البيانات والتحول الرقمي | L83: — | M83: كل المجالات | N83: تشغيلي | O83: متوسطة | P83: 46844 | Q83: 47574 | R83: لم يبدأ | S83: 0 | T83: 4000000
A84: 83 | B84: برنامج التمكين الرقمي والتحول المؤسسي | C84: 2. تعزيز الكفاءة التشغيلية وكفاءة الإنفاق 3. تمكين التحول الرقمي 6. المواءمة الاستراتيجية | D84: 3. تعزيز الابتكار الرقمي المؤسسي من خلال استثمار التقنيات الناشئة والتحليلات المتقدمة والذكاء الاصطناعي لتطوير حلول رقمية فعّالة لدعم جودة التقويم والتعليم والتدريب، وتسهم في تحسين الكفاءة التشغيلية وتجربة المستفيد 4. بناء قدرات رقمية وطنية وتمكين الكفاءات المتخصصة والعامة في مجال البيانات والتحول الرقمي، من خلال مسارات تدريبية مستهدفة متوافقة مع معايير بناء الكفاءات 5. تحقيق التميز في تقديم الخدمات الرقمية من خلال التوسع في رقمنة الخدمات، وتحسين تجربة المستفيدين بما يضمن الامتثال لمعايير الحكومة الرقمية | E84: تنفيذ خطة التحول الرقمية وتطبيقها ◂ 6. مبادرة التمكين الرقمي | F84: GAP-B-14، GAP-B-23، GAP-B-28، GAP-B-31 | G84: BR01، BR05، BR06، BR07، BR08 | H84: يركز المشروع على تمكين الكوادر البشرية وتعزيز الثقافة الرقمية داخل الهيئة، إلى جانب دعم التغيير المؤسسي من خلال تنفيذ مبادرات مهيكلة تشمل التدريب، إعادة تصميم الإجراءات، وتفعيل أدوات التعاون الرقمي، بما يحقق المواءمة مع أهداف التحول الرقمي ورفع نضج العمل المؤسسي. | I84: رفع جاهزية الموظفين للتعامل مع الأنظمة والخدمات الرقمية. تحسين كفاءة الأداء المؤسسي من خلال إعادة هندسة الإجراءات. تعزيز ثقافة الابتكار والتحول الرقمي على مستوى جميع الإدارات. | J84: • تقديم الخدمات الاستشارية لقطاع البيانات والتحول الرقمي • مشروع الأرشفة المؤسسية للتطبيقات الرقمية • تعزيز جاهزية الابتكار واستدامته في البيئة الرقمية المؤسسية | K84: الإدارة العامة للموارد البشرية | L84: — | M84: كل المجالات | N84: رأسمالي/تشغيلي | O84: متوسطة | P84: — | Q84: — | R84: ملغي | S84: 0 | T84: 2000000
A85: 84 | B85: مشروع استضافة مركز البيانات الى مقدم خدمة بنية تحتية | C85: 1. دعم اتخاذ القرارات 2. تعزيز الكفاءة التشغيلية وكفاءة الإنفاق 4. دعم تحسين تجربة المستفيد | D85: 1. الامتثال للسياسات ذات العلاقة بمجال البيانات والتحول الرقمي الناشئ من أنظمة الهيئة وخدماتها، ومع تعزيز الاستفادة من البيانات والأنظمة لدعم أعمال الهيئة 3. تعزيز الابتكار الرقمي المؤسسي من خلال استثمار التقنيات الناشئة والتحليلات المتقدمة والذكاء الاصطناعي لتطوير حلول رقمية فعّالة لدعم جودة التقويم والتعليم والتدريب، وتسهم في تحسين الكفاءة التشغيلية وتجربة المستفيد 6. تنظيم الاستفادة من البنية التحتية التقنية بما يضمن استمرارية الأعمال وحوكمة الكفاءة التشغيلية | E85: رفع جاهزية واستدامة البنية التحتية التقنية ◂ 3. مبادرة تعزيز كفاءة واستدامة البنية التحتية التقنية | F85: GAP-B-14، GAP-B-28، GAP-D-03، GAP-D-11، GAP-D-12، GAP-T-2، GAP-T-10، GAP-T-15، GAP-T-19 | G85: BR06، TR03 | H85: استضافة مركز البيانات هيئة تقويم التعليم والتدريب من مقدم خدمة لعدم جاهزية الموقع الحالي | I85: تعزيز موثوقية واستمرارية الخدمات من خلال استضافة احترافية ببيئة مؤمنة. تقليل التكاليف التشغيلية المرتبطة بإدارة البنية التحتية داخليًا. رفع مستوى الأمان والامتثال بمعايير مراكز البيانات المعتمدة (Tier-III أو أعلى). تمكين التوسع التقني السريع دون الحاجة لاستثمارات بنية تحتية داخلية إضافية. | J85: • تجديد استضافة مركز البيانات مع مقدم خدمة بنية تحتية | K85: الإدارة العامة لتقنية المعلومات | L85: شركة اتحاد الاتصالات (موبايلي) | M85: التقنية | N85: تشغيلي | O85: عالية | P85: 45769 | Q85: 46134 | R85: قائم | S85: 33 | T85: 10878080
A86: 85 | B86: تهيئة البيئة الافتراضية | C86: 3. تمكين التحول الرقمي | D86: 5. تحقيق التميز في تقديم الخدمات الرقمية من خلال التوسع في رقمنة الخدمات، وتحسين تجربة المستفيدين بما يضمن الامتثال لمعايير الحكومة الرقمية | E86: ◂ 3. مبادرة تعزيز كفاءة واستدامة البنية التحتية التقنية | F86: GAP-A-01، GAP-B-01، GAP-B-05 | G86: AR18، BR01، BR02 | H86: مشروع تهيئة البيئة الافتراضية ضمن خطة التحول الرقمي وتعزيز قدرات الهيئة التقنية. | I86: دعم التحول الرقمي للهيئة • تعزيز الكفاءة التشغيلية • تحسين جودة الخدمات | J86: — | K86: — | L86: — | M86: التقنية | N86: تشغيلي | O86: متوسطة | P86: — | Q86: — | R86: ملغي | S86: 0
A87: 86 | B87: نظام النسخ الاحتياطي وحفظ البيانات | C87: 1. دعم اتخاذ القرارات 2. تعزيز الكفاءة التشغيلية وكفاءة الإنفاق 5. تعزيز الحوكمة المؤسسية | D87: 1. الامتثال للسياسات ذات العلاقة بمجال البيانات والتحول الرقمي الناشئ من أنظمة الهيئة وخدماتها، ومع تعزيز الاستفادة من البيانات والأنظمة لدعم أعمال الهيئة 3. تعزيز الابتكار الرقمي المؤسسي من خلال استثمار التقنيات الناشئة والتحليلات المتقدمة والذكاء الاصطناعي لتطوير حلول رقمية فعّالة لدعم جودة التقويم والتعليم والتدريب، وتسهم في تحسين الكفاءة التشغيلية وتجربة المستفيد 6. تنظيم الاستفادة من البنية التحتية التقنية بما يضمن استمرارية الأعمال وحوكمة الكفاءة التشغيلية | E87: رفع جاهزية واستدامة البنية التحتية التقنية ◂ 1. مبادرة الذكاء الاصطناعي والتحليلات المتقدمة | F87: GAP-D-03، GAP-D-11، GAP-D-12، GAP-D-16، GAP-D-27، GAP-T-8 | G87: AR19، BR18، BR19، TR02، TR03 | H87: نظام تخزين البيانات من خلال عمليات النسخ الاحتياطي وحفظ البيانات والأرشفة لضمان توفر النسخ الاحتياطية بتواجد عالي ومباشر وحمايتها من التهديدات السيبرانية. — نظام تخزين البيانات من خالل عمليات النسخ االحتياطي وحفظ البياناتواألرشفة لضمان توفر النسخ االحتياطية بتواجد عالي ومباشر وحمايتها من التهديدات السيبرانية | I87: ضمان استمرارية الأعمال وحماية البيانات من خلال الأشفة دون الاتصال بالانترنت. تقليل مخاطر فقدان البيانات نتيجة للأعطال أو الهجمات. تمكين الاسترجاع السريع للبيانات عند الحاجة. تعزيز الامتثال لمتطلبات الأمن السيبراني. | J87: • نظام النسخ الاحتياطي وحفظ البيانات | K87: الإدارة العامة لتقنية المعلومات | L87: — | M87: التقنية | N87: تشغيلي | O87: عالية | P87: 46028 | Q87: 47124 | R87: قيد الترسية | S87: 0 | T87: 5700090
A88: 87 | B88: إدارة الأصول التقنية والإصلاحات والتحديثات الأمنية | C88: 1. دعم اتخاذ القرارات 2. تعزيز الكفاءة التشغيلية وكفاءة الإنفاق 3. تمكين التحول الرقمي | D88: 1. الامتثال للسياسات ذات العلاقة بمجال البيانات والتحول الرقمي الناشئ من أنظمة الهيئة وخدماتها، ومع تعزيز الاستفادة من البيانات والأنظمة لدعم أعمال الهيئة 3. تعزيز الابتكار الرقمي المؤسسي من خلال استثمار التقنيات الناشئة والتحليلات المتقدمة والذكاء الاصطناعي لتطوير حلول رقمية فعّالة لدعم جودة التقويم والتعليم والتدريب، وتسهم في تحسين الكفاءة التشغيلية وتجربة المستفيد 6. تنظيم الاستفادة من البنية التحتية التقنية بما يضمن استمرارية الأعمال وحوكمة الكفاءة التشغيلية | E88: رفع جاهزية واستدامة البنية التحتية التقنية ◂ 3. مبادرة تعزيز كفاءة واستدامة البنية التحتية التقنية | F88: GAP-A-01، GAP-A-09، GAP-B-01، GAP-B-05، GAP-B-20، GAP-B-21، GAP-B-22، GAP-B-23، GAP-B-24، GAP-B-25، GAP-T-3، GAP-T-5، GAP-T-11، GAP-T-13، GAP-T-15 | G88: AR07، AR18، BR02، BR18 | H88: تهدف هذه المنافسة إلى تطوير نظام إدارة استكشاف الأصول التقنية وإدارة الثغرات والإصلاحات والتحديثات الأمنية ونظام إدارة الأجهزة الطرفية لضمان تحديثها وحمايتها من الثغرات الأمنية عبر آلية فعالة لإدارة التصحيحات الأمنية. يهدف المشروع إلى تعزيز التحكم في الأصول الرقمية، وإدارة الثغرات ورفع كفاءة إدارتها من خلال أتمتة عمليات الرصد والتحليل، وضمان التكامل مع أنظمة الهيئة، بما يسهم في رفع مستوى الأمان ودقة البيانات والتوافق مع السياسات المؤسسية | I88: ضمان جاهزية واستقرار الأصول التقنية. تقليل الأعطال والمخاطر الأمنية. رفع كفاءة الصيانة الدورية والتحديثات. إطالة عمر الأصول وتقليل التكاليف. | J88: • تطوير نظامي إدارة استكشاف الأصول التقنية والأجهزة الطرفية | K88: إدارة التخطيط و الجودة | L88: — | M88: التقنية | N88: تشغيلي | O88: متوسطة | P88: 46935 | Q88: 48030 | R88: لم يبدأ | S88: 0 | T88: 6500000
A89: 88 | B89: تشغيل وصيانة و إدارة نظم البيانات والتكامل وذكاء الأعمال | C89: 1. دعم اتخاذ القرارات 2. تعزيز الكفاءة التشغيلية وكفاءة الإنفاق 6. المواءمة الاستراتيجية | D89: 2. تمكين التكامل التقني مع الجهات الحكومية ذات العلاقة عبر قنوات البيانات الوطنية، لتبادل البيانات وتقديم خدمات موحدة ومترابطة للمستفيدين 3. تعزيز الابتكار الرقمي المؤسسي من خلال استثمار التقنيات الناشئة والتحليلات المتقدمة والذكاء الاصطناعي لتطوير حلول رقمية فعّالة لدعم جودة التقويم والتعليم والتدريب، وتسهم في تحسين الكفاءة التشغيلية وتجربة المستفيد 4. بناء قدرات رقمية وطنية وتمكين الكفاءات المتخصصة والعامة في مجال البيانات والتحول الرقمي، من خلال مسارات تدريبية مستهدفة متوافقة مع معايير بناء الكفاءات | E89: رفع كفاءة اتخاذ القرار المبني على البيانات ◂ 1. مبادرة الذكاء الاصطناعي والتحليلات المتقدمة | F89: GAP-A-01، GAP-A-09، GAP-A-10، GAP-B-05، GAP-B-14، GAP-B-18، GAP-B-28، GAP-D-04، GAP-D-05، GAP-D-07، GAP-D-17، GAP-D-20، GAP-D-23 | G89: AR02، AR06، AR08، AR18، BR06 | H89: تشغيل وصيانة وإدارة نظم البيانات والتكامل وذكاء الأعمال لهيئة تقويم التعليم والتدريب في مراكز بيانات الهيئة | I89: تعزيز دقة وتكامل البيانات المؤسسية. تمكين التحليلات واتخاذ القرار المبني على البيانات. رفع كفاءة التكامل بين الأنظمة. تحسين مؤشرات الأداء المؤسسية. | J89: • مشروع تنفيذ بند تشغيل وصيانة البنية التقنية لمنافسة مشروع تشغيل وصيانة البنية التقنية والبيانات وتطبيق الذكاء • مشروع تنفيذ بند تشغيل وصيانة البنية التقنية لمنافسة مشروع تشغيل وصيانة البنية التقنية والبيانات وتطبيق الذكاء(تجديد العقد) | K89: الإدارة العامة للبيانات والذكاء الاصطناعي | L89: شركة حرف لتقنية المعلومات | M89: البيانات | N89: تشغيلي | O89: متوسطة | P89: 45722 | Q89: 46907 | R89: قائم | S89: 11 | T89: 4049455
A90: 89 | B90: تجديد رخصة موزع الاحمال | C90: 2. تعزيز الكفاءة التشغيلية وكفاءة الإنفاق | D90: 1. الامتثال للسياسات ذات العلاقة بمجال البيانات والتحول الرقمي الناشئ من أنظمة الهيئة وخدماتها، ومع تعزيز الاستفادة من البيانات والأنظمة لدعم أعمال الهيئة 6. تنظيم الاستفادة من البنية التحتية التقنية بما يضمن استمرارية الأعمال وحوكمة الكفاءة التشغيلية | E90: ◂ 2. مبادرة الجاهزية التشغيلية واستمرارية الأعمال | F90: GAP-A-05، GAP-T-12، GAP-T-14 | G90: AR07، TR03، TR04 | H90: تجديد رخصة موزع الاحمال +link controller | I90: استمرارية دعم الأنظمة الحيوية • الحفاظ على الأمان والتحديثات • الامتثال للمتطلبات التعاقدية | J90: • مشروع تجديد رخصة منتجات مايكروسوفت • توريد وتركيب وترقية أجهزة موزع الأحمال والرخص الخاصة بها | K90: — | L90: — | M90: التقنية | N90: تشغيلي | O90: متوسطة | P90: 46333 | Q90: 47429 | R90: لم يبدأ | S90: 0 | T90: 5000000
A91: 90 | B91: تجديد دعم منتجات مايكروسوفت بريمير | C91: 2. تعزيز الكفاءة التشغيلية وكفاءة الإنفاق 5. تعزيز الحوكمة المؤسسية | D91: 1. الامتثال للسياسات ذات العلاقة بمجال البيانات والتحول الرقمي الناشئ من أنظمة الهيئة وخدماتها، ومع تعزيز الاستفادة من البيانات والأنظمة لدعم أعمال الهيئة 6. تنظيم الاستفادة من البنية التحتية التقنية بما يضمن استمرارية الأعمال وحوكمة الكفاءة التشغيلية | E91: ترشيد الإنفاق التقني وإدارة الرخص بفعالية ◂ 2. مبادرة الجاهزية التشغيلية واستمرارية الأعمال | 3. مبادرة تعزيز كفاءة واستدامة البنية التحتية التقنية | F91: GAP-D-03، GAP-D-11، GAP-D-12، GAP-T-12 | G91: BR18، TR03 | H91: تجديد رخص دعم مايكروسوفت بريمير | I91: تأمين استمرارية العمل في أنظمة مايكروسوفت. الحصول على دعم فني احترافي وسريع. الوصول لأحدث التحديثات والميزات. تقليل المخاطر الأمنية والتقنية. | J91: • مشروع تجديد رخصة منتجات مايكروسوفت • تجديد دعم منتجات مايكروسوفت بريمير ( تجديد عقد ) • مشروع تجديد رخص منتجات مايكروسوفت | K91: الإدارة العامة لتقنية المعلومات | L91: شركة النافذة الدولية لتقنية المعلومات | M91: التقنية | N91: تشغيلي | O91: متوسطة | P91: 45056 | Q91: 46152 | R91: قائم | S91: 0 | T91: 5000000
A92: 91 | B92: حل مراقبة الشبكة والرؤية التلقائية واستكشاف الأخطاء وإصلاحها netbren | C92: 1. دعم اتخاذ القرارات 2. تعزيز الكفاءة التشغيلية وكفاءة الإنفاق 3. تمكين التحول الرقمي | D92: 3. تعزيز الابتكار الرقمي المؤسسي من خلال استثمار التقنيات الناشئة والتحليلات المتقدمة والذكاء الاصطناعي لتطوير حلول رقمية فعّالة لدعم جودة التقويم والتعليم والتدريب، وتسهم في تحسين الكفاءة التشغيلية وتجربة المستفيد 6. تنظيم الاستفادة من البنية التحتية التقنية بما يضمن استمرارية الأعمال وحوكمة الكفاءة التشغيلية | E92: رفع جاهزية واستدامة البنية التحتية التقنية ◂ 3. مبادرة تعزيز كفاءة واستدامة البنية التحتية التقنية | F92: GAP-A-06، GAP-B-01، GAP-B-20، GAP-B-21، GAP-B-22، GAP-B-24، GAP-B-25، GAP-T-7، GAP-T-9، GAP-T-17 | G92: AR07، BR02، TR04 | H92: المراقبة، الأتمتة، وإدارة الاعداد الشبكة الخاصة بالبرجين 1 و 2 | I92: اكتشاف الأعطال وتحليلها تلقائيًا. تقليل زمن الاستجابة للبلاغات الفنية. تقديم رؤية شاملة لحالة الشبكة. تحسين كفاءة فرق الدعم الفني. | J92: — | K92: الإدارة العامة لتقنية المعلومات | L92: — | M92: التقنية | N92: تشغيلي | O92: متوسطة | P92: 46756 | Q92: 47852 | R92: لم يبدأ | S92: 0 | T92: 5000000
A93: 92 | B93: تخزين وتحليل السجلات باستخدام fortianalayser | C93: 1. دعم اتخاذ القرارات 2. تعزيز الكفاءة التشغيلية وكفاءة الإنفاق 5. تعزيز الحوكمة المؤسسية | D93: 1. الامتثال للسياسات ذات العلاقة بمجال البيانات والتحول الرقمي الناشئ من أنظمة الهيئة وخدماتها، ومع تعزيز الاستفادة من البيانات والأنظمة لدعم أعمال الهيئة 3. تعزيز الابتكار الرقمي المؤسسي من خلال استثمار التقنيات الناشئة والتحليلات المتقدمة والذكاء الاصطناعي لتطوير حلول رقمية فعّالة لدعم جودة التقويم والتعليم والتدريب، وتسهم في تحسين الكفاءة التشغيلية وتجربة المستفيد 6. تنظيم الاستفادة من البنية التحتية التقنية بما يضمن استمرارية الأعمال وحوكمة الكفاءة التشغيلية | E93: رفع جاهزية واستدامة البنية التحتية التقنية ◂ 4. مبادرة تطوير الحلول والخدمات الرقمية | F93: GAP-A-06، GAP-D-19، GAP-D-21، GAP-T-18 | G93: AR05، AR08، DR01 | H93: تجميع سجلات وفحص حركة المرور | I93: تحسين قدرة الهيئة على اكتشاف التهديدات. دعم التوافق مع متطلبات الأمن السيبراني. تسريع عمليات التحقيق والتحليل. تعزيز التحكم في بيانات الأحداث الأمنية. | J93: — | K93: الإدارة العامة لتقنية المعلومات | L93: — | M93: التقنية | N93: تشغيلي | O93: متوسطة | P93: 46756 | Q93: 47852 | R93: لم يبدأ | S93: 0 | T93: 3000000
A94: 93 | B94: توفير وتوحيد أدوات المراقبة والإدارة التقنية للتطبيقات | C94: 1. دعم اتخاذ القرارات 2. تعزيز الكفاءة التشغيلية وكفاءة الإنفاق 3. تمكين التحول الرقمي | D94: 1. الامتثال للسياسات ذات العلاقة بمجال البيانات والتحول الرقمي الناشئ من أنظمة الهيئة وخدماتها، ومع تعزيز الاستفادة من البيانات والأنظمة لدعم أعمال الهيئة 3. تعزيز الابتكار الرقمي المؤسسي من خلال استثمار التقنيات الناشئة والتحليلات المتقدمة والذكاء الاصطناعي لتطوير حلول رقمية فعّالة لدعم جودة التقويم والتعليم والتدريب، وتسهم في تحسين الكفاءة التشغيلية وتجربة المستفيد 5. تحقيق التميز في تقديم الخدمات الرقمية من خلال التوسع في رقمنة الخدمات، وتحسين تجربة المستفيدين بما يضمن الامتثال لمعايير الحكومة الرقمية | E94: ترشيد الإنفاق التقني وإدارة الرخص بفعالية ◂ 2. مبادرة الجاهزية التشغيلية واستمرارية الأعمال | F94: GAP-A-03، GAP-A-06، GAP-B-01، GAP-B-07، GAP-B-11، GAP-B-12، GAP-B-20، GAP-B-21، GAP-B-22، GAP-B-24، GAP-B-25، GAP-B-27، GAP-T-12 | G94: AR02، BR02، BR14 | H94: يستهدف المشروع توفير و توحيد منصات وأدوات مراقبة أداء التطبيقات وإدارتها داخل الهيئة ضمن إطار موحد، يتيح رؤية مركزية وشاملة عن حالة الأنظمة، مؤشرات الأداء، التنبيهات، ومشاكل البنية التحتية. يشمل المشروع دمج الأدوات المتاحة ضمن منصة موحدة أو دمج بياناتها في لوحة تشغيل مركزية. | I94: ضمان تشغيل الأنظمة والتطبيقات بشكل قانوني ومستقر. تمكين التحديثات الأمنية والفنية. تحسين أداء الأنظمة وتقليل الأعطال. رفع الجاهزية التقنية لخدمات الهيئة. تحقيق رؤية موحدة وشاملة لحالة وأداء الأنظمة والتطبيقات. تقليل زمن اكتشاف الأعطال وتحسين الاستجابة الفورية. رفع كفاءة التشغيل ودقة تقارير الأداء والخدمة. | J94: — | K94: الإدارة العامة للتطوير | L94: — | M94: التقنية | N94: تشغيلي | O94: متوسطة | P94: 47122 | Q94: 48217 | R94: لم يبدأ | S94: 0 | T94: 3000000
A95: 94 | B95: توثيق وتطوير خدمات الأعمال وتحسين تجربة المستفيد | C95: 2. تعزيز الكفاءة التشغيلية وكفاءة الإنفاق 4. دعم تحسين تجربة المستفيد 6. المواءمة الاستراتيجية | D95: 1. الامتثال للسياسات ذات العلاقة بمجال البيانات والتحول الرقمي الناشئ من أنظمة الهيئة وخدماتها، ومع تعزيز الاستفادة من البيانات والأنظمة لدعم أعمال الهيئة 2. تمكين التكامل التقني مع الجهات الحكومية ذات العلاقة عبر قنوات البيانات الوطنية، لتبادل البيانات وتقديم خدمات موحدة ومترابطة للمستفيدين 5. تحقيق التميز في تقديم الخدمات الرقمية من خلال التوسع في رقمنة الخدمات، وتحسين تجربة المستفيدين بما يضمن الامتثال لمعايير الحكومة الرقمية | E95: تحسين تجربة المستفيد وتوحيد مسار ات تقديم الخدمات الرقمية ◂ 5. مبادرة تحسين تجربة المستفيد الرقمية | F95: GAP-A-01، GAP-A-02، GAP-A-03، GAP-A-08، GAP-A-09، GAP-B-02، GAP-B-04، GAP-B-05، GAP-B-06، GAP-B-07، GAP-B-08، GAP-B-09، GAP-B-10، GAP-B-13، GAP-B-15، GAP-B-16، GAP-B-17، GAP-B-19، GAP-B-23 | G95: AR09، BR01، BR08، BR12، BR13 | H95: يهدف المشروع إلى إعادة هندسة الإجراءات وتحديث الأدلة التشغيلية ورحلات المستفيد، بما يعزز الحوكمة، ويرفع كفاءة الخدمات، ويحسّن تجربة المستفيد وفق أفضل الممارسات. | I95: تحسين تجربة المستفيد من خلال توثيق الرحلات وإعادة هندسة الإجراءات لتحقيق التبسيط والتكامل. رفع كفاءة خدمات الأعمال عبر تحديث الأدلة التشغيلية والتنظيمية وتصميم مؤشرات أداء واتفاقيات مستوى الخدمة. تعزيز الحوكمة المؤسسية من خلال تطوير إطار موحد لتوثيق الإجراءات وتحديث السياسات وفق التوجهات الاستراتيجية. دعم إدارة التغيير المؤسسي عبر مواءمة العمليات مع الواقع التشغيلي وتعزيز جاهزية التحول المؤسسي. | J95: — | K95: الإدارة العامة للتخطيط و التميز المؤسسي | L95: — | M95: الأعمال | N95: تشغيلي | O95: متوسطة | P95: — | Q95: — | R95: ملغي | S95: 0 | T95: 3000000
A96: 95 | B96: مشروع تجديد رخص منتجات مايكروسوفت | C96: 2. تعزيز الكفاءة التشغيلية وكفاءة الإنفاق 4. دعم تحسين تجربة المستفيد 5. تعزيز الحوكمة المؤسسية | D96: 1. الامتثال للسياسات ذات العلاقة بمجال البيانات والتحول الرقمي الناشئ من أنظمة الهيئة وخدماتها، ومع تعزيز الاستفادة من البيانات والأنظمة لدعم أعمال الهيئة 5. تحقيق التميز في تقديم الخدمات الرقمية من خلال التوسع في رقمنة الخدمات، وتحسين تجربة المستفيدين بما يضمن الامتثال لمعايير الحكومة الرقمية 6. تنظيم الاستفادة من البنية التحتية التقنية بما يضمن استمرارية الأعمال وحوكمة الكفاءة التشغيلية | E96: ترشيد الإنفاق التقني وإدارة الرخص بفعالية ◂ 2. مبادرة الجاهزية التشغيلية واستمرارية الأعمال | F96: GAP-D-03، GAP-D-11، GAP-D-12، GAP-T-12 | G96: BR18، TR03 | H96: تجديد رخص منتجات مايكروسوفت | I96: ضمان استمرارية دعم الأنظمة الحيوية. الحفاظ على الأمان والتحديثات. الامتثال للمتطلبات القانونية والترخيصية. تقليل مخاطر انقطاع الخدمة أو الثغرات. | J96: • مشروع تجديد رخصة منتجات مايكروسوفت • تجديد دعم منتجات مايكروسوفت بريمير ( تجديد عقد ) • مشروع شراء وتجديد رخص البرامج في هيئة تقويم التعليم والتدريب | K96: الإدارة العامة لتقنية المعلومات | L96: — | M96: التقنية | N96: تشغيلي | O96: متوسطة | P96: 46756 | Q96: 47852 | R96: لم يبدأ | S96: 0 | T96: 5000000
A97: 96 | B97: تأمين خدمة الرسائل النصية لهيئة تقويم التعليم والتدريب | C97: 3. تمكين التحول الرقمي 4. دعم تحسين تجربة المستفيد 5. تعزيز الحوكمة المؤسسية | D97: 2. تمكين التكامل التقني مع الجهات الحكومية ذات العلاقة عبر قنوات البيانات الوطنية، لتبادل البيانات وتقديم خدمات موحدة ومترابطة للمستفيدين 4. بناء قدرات رقمية وطنية وتمكين الكفاءات المتخصصة والعامة في مجال البيانات والتحول الرقمي، من خلال مسارات تدريبية مستهدفة متوافقة مع معايير بناء الكفاءات 5. تحقيق التميز في تقديم الخدمات الرقمية من خلال التوسع في رقمنة الخدمات، وتحسين تجربة المستفيدين بما يضمن الامتثال لمعايير الحكومة الرقمية | E97: تنفيذ خطة التحول الرقمية وتطبيقها ◂ 5. مبادرة تحسين تجربة المستفيد الرقمية | F97: GAP-A-06، GAP-B-01، GAP-B-04، GAP-B-05، GAP-B-09، GAP-B-14، GAP-B-15، GAP-B-16، GAP-B-17، GAP-B-20، GAP-B-21، GAP-B-22، GAP-B-24، GAP-B-25، GAP-B-28 | G97: BR06، TR01 | H97: تأمين خدمة الرسائل النصية ) SMS Gateway ( حزم الرسائل بحيث يوفر النظام مرونة عالية في الربط مع الأنظمة الداخلية للهيئة وكذلك توفير واجهات إدارة المستخدمين وشاشات خاصة لمراقبة حالة الرسائل وأعدادها. | I97: توفير مرونه عالية لعمليات التحقق وعمليات تسجيل الاختبارات والمواعد للمستفيد | J97: • تأمين خدمة الرسائل النصية لهيئة تقويم التعليم والتدريب (تجديد العقد) • تطبيق خدمة النفاذ الوطني الموحد في هيئة تقويم التعليم والتدريب | K97: الإدارة العامة للتطوير | L97: شركة تقنيات الجوال المعلوماتية المحدودة شركة شخص واحد | M97: التطبيقات | N97: تشغيلي | O97: متوسطة | P97: 17/4/2024 | Q97: 17/4/2027 | R97: قائم | S97: 0 | T97: 13938000
A98: 97 | B98: تجديد رخص أنظمة (SAP) | C98: 2. تعزيز الكفاءة التشغيلية وكفاءة الإنفاق 6. المواءمة الاستراتيجية | D98: 1. الامتثال للسياسات ذات العلاقة بمجال البيانات والتحول الرقمي الناشئ من أنظمة الهيئة وخدماتها، ومع تعزيز الاستفادة من البيانات والأنظمة لدعم أعمال الهيئة 6. تنظيم الاستفادة من البنية التحتية التقنية بما يضمن استمرارية الأعمال وحوكمة الكفاءة التشغيلية | E98: ترشيد الإنفاق التقني وإدارة الرخص بفعالية ◂ 4. مبادرة تطوير الحلول والخدمات الرقمية | F98: GAP-B-31، GAP-D-03، GAP-D-11، GAP-D-12، GAP-T-12 | G98: AR07، AR10، BR10، TR03 | H98: تجديد رخصة أنظمة إدارة الموارد ال مؤسسية (SAP S4Hana + SuccessFactors) ERP والتي تسعى من خلالها الهيئة إلى استمرارية الاعمال في الأنظمة المالية والموارد البشرية. | I98: استمرارية الاعمال في الأنظمة المالية والموارد البشرية. | J98: • تجديد رخص أنظمة | K98: الإدارة العامة لتقنية المعلومات | L98: — | M98: التقنية | N98: تشغيلي | O98: متوسطة | P98: 46391 | Q98: 47487 | R98: لم يبدأ | S98: 0 | T98: 5651033.8
A99: 98 | B99: مشروع البنية التحتية لنظام سطح المكتب الافتراضي(تجديد العقد) | C99: 2. تعزيز الكفاءة التشغيلية وكفاءة الإنفاق 3. تمكين التحول الرقمي | D99: 5. تحقيق التميز في تقديم الخدمات الرقمية من خلال التوسع في رقمنة الخدمات، وتحسين تجربة المستفيدين بما يضمن الامتثال لمعايير الحكومة الرقمية 6. تنظيم الاستفادة من البنية التحتية التقنية بما يضمن استمرارية الأعمال وحوكمة الكفاءة التشغيلية | E99: رفع جاهزية واستدامة البنية التحتية التقنية ◂ 3. مبادرة تعزيز كفاءة واستدامة البنية التحتية التقنية | F99: GAP-T-10، GAP-T-11 | G99: AR07، AR16، TR03 | H99: توريد وتطوير الأنظمة الافتراضية لسطح المكتب VDI وذلك لتسهيل عمليةدخول الموظفين على اجهزتهم الافتراضية عن بعد. | I99: دعم مرنة بيئات العمل عن بعد . تسهيل إدارة الموارد التقنية. تقليل الأعطال المرتبطة بالأجهزة المحلية. تعزيز الأمان والتحكم المركزي. | J99: • مشروع البنية التحتية لنظام سطح المكتب الافتراضي • مشروع تنفيذ بند تشغيل وصيانة البنية التقنية لمنافسة مشروع تشغيل وصيانة البنية التقنية والبيانات وتطبيق الذكاء(تجديد العقد) | K99: الإدارة العامة لتقنية المعلومات | L99: — | M99: التقنية | N99: تشغيلي | O99: متوسطة | P99: 14/6/2027 | Q99: 14/6/2030 | R99: لم يبدأ | S99: 0 | T99: 8749200
A100: 99 | B100: تشغيل البنية المؤسسية في هيئة تقويم التعليم و التدريب | C100: 3. تمكين التحول الرقمي 5. تعزيز الحوكمة المؤسسية 6. المواءمة الاستراتيجية | D100: 1. الامتثال للسياسات ذات العلاقة بمجال البيانات والتحول الرقمي الناشئ من أنظمة الهيئة وخدماتها، ومع تعزيز الاستفادة من البيانات والأنظمة لدعم أعمال الهيئة 2. تمكين التكامل التقني مع الجهات الحكومية ذات العلاقة عبر قنوات البيانات الوطنية، لتبادل البيانات وتقديم خدمات موحدة ومترابطة للمستفيدين 3. تعزيز الابتكار الرقمي المؤسسي من خلال استثمار التقنيات الناشئة والتحليلات المتقدمة والذكاء الاصطناعي لتطوير حلول رقمية فعّالة لدعم جودة التقويم والتعليم والتدريب، وتسهم في تحسين الكفاءة التشغيلية وتجربة المستفيد | E100: إعداد خطة تحول رقمية ◂ 6. مبادرة التمكين الرقمي | F100: GAP-A-01، GAP-A-09، GAP-B-01، GAP-B-02، GAP-B-05، GAP-B-06، GAP-B-10، GAP-B-13، GAP-B-14، GAP-B-20، GAP-B-21، GAP-B-22، GAP-B-24، GAP-B-25، GAP-B-28، GAP-B-30 | G100: AR07، BR01، BR02، BR06، DR01 | H100: تأسيس وتنفيذ وتشغيل البنية المؤسسية في هيئة تقويم التعليم والتدريب باستخدام إطار العمل العاملي "TOGAF"، بحيث يؤدي اعتمادها إلى الموائمة بين الأعمال وتقنية المعلومات، وزيادة إمكانية التشغيل البيني، وتحسين جودة إجراءات العمل و إدارة الأصول، والتكامل بين التطبيقات، وخفض المخاطر وانخفاض التكاليف، وكذلك ضمان تحقيق الموائمة مع المبادرات الوطنية التقنية و وضع المعايير والأدلة الاسترشادية للخدمات والتطبيقات والبيانات والتقنية. | I100: مواءمة الأهداف التقنية مع الاستراتيجية المؤسسية. توحيد المعايير والمنهجيات المؤسسية. تعزيز حوكمة القرار التقني. دعم التخطيط والتحول الرقمي. | J100: • تأمين خدمة الرسائل النصية لهيئة تقويم التعليم والتدريب (تجديد العقد) • تشغيل وصيانة أنظمة هيئة تقويم التعليم والتدريب • مشروع الصيانة والدعم الفني لأجهزة البصمة في هيئة تقويم التعليم والتدريب و المراكز التابعة لها | K100: قطاع البيانات والتحول الرقمي | L100: — | M100: كل المجالات | N100: تشغيلي | O100: متوسطة | P100: 15/4/2027 | Q100: 15/4/2030 | R100: لم يبدأ | S100: 0 | T100: 3439000
...

Sheet ملخص التغطية
A5: توزيع المشاريع على الإدارات المالكة
A6: # | B6: الإدارة | C6: عدد المشاريع | D6: إجمالي الميزانية (ريال)
A7: 1 | C7: 43 | D7: 9.5581002e+08
A8: 2 | B8: الإدارة العامة لتقنية المعلومات | C8: 32 | D8: 3.6969553e+08
A9: 3 | B9: قطاع البيانات والتحول الرقمي | C9: 14 | D9: 1.7613157e+08
A10: 4 | B10: الإدارة العامة للتطوير | C10: 11 | D10: 89991218
A11: 5 | B11: الإدارة العامة للبيانات والذكاء الاصطناعي | C11: 10 | D11: 55411789
A12: 6 | B12: الإدارة العامة لأنظمة الاختبارات | C12: 5 | D12: 316212000
A13: 7 | B13: مركز قياس | C13: 3 | D13: 3.8706258e+08
A14: 8 | B14: إدارة التخطيط و الجودة | C14: 3 | D14: 54500000
A15: 9 | B15: الإدارة العامة للتخطيط و التميز المؤسسي | C15: 2 | D15: 6000000
A16: 10 | B16: مركز تميّز | C16: 1 | D16: 0
A17: 11 | B17: الإدارة العامة للموارد البشرية | C17: 1 | D17: 2000000
B18: الإجمالي | C18: =SUM(C7:C17) -> 125 | D18: =SUM(D7:D17) -> 2.4128147e+09

Sheet مرجع الأهداف
A1: أهداف البنية المؤسسية (6)
A2: # | B2: الهدف | C2: عدد المشاريع
A3: 1 | B3: دعم اتخاذ القرارات | C3: =SUMPRODUCT(--ISNUMBER(SEARCH("1. ",'مصفوفة الربط'!C2:C126))) -> 42
A4: 2 | B4: تعزيز الكفاءة التشغيلية وكفاءة الإنفاق | C4: =SUMPRODUCT(--ISNUMBER(SEARCH("2. ",'مصفوفة الربط'!C2:C126))) -> 82
A5: 3 | B5: تمكين التحول الرقمي | C5: =SUMPRODUCT(--ISNUMBER(SEARCH("3. ",'مصفوفة الربط'!C2:C126))) -> 81
A6: 4 | B6: دعم تحسين تجربة المستفيد | C6: =SUMPRODUCT(--ISNUMBER(SEARCH("4. ",'مصفوفة الربط'!C2:C126))) -> 53
A7: 5 | B7: تعزيز الحوكمة المؤسسية | C7: =SUMPRODUCT(--ISNUMBER(SEARCH("5. ",'مصفوفة الربط'!C2:C126))) -> 37
A8: 6 | B8: المواءمة الاستراتيجية | C8: =SUMPRODUCT(--ISNUMBER(SEARCH("6. ",'مصفوفة الربط'!C2:C126))) -> 24
A10: أهداف التحول الرقمي (6)
A11: # | B11: الهدف | C11: عدد المشاريع
A12: 1 | B12: الامتثال للسياسات ذات العلاقة بمجال البيانات والتحول الرقمي الناشئ من أنظمة الهيئة وخدماتها، ومع تعزيز الاستفادة من البيانات والأنظمة لدعم أعمال الهيئة | C12: =SUMPRODUCT(--ISNUMBER(SEARCH("1. ",'مصفوفة الربط'!D2:D126))) -> 52
A13: 2 | B13: تمكين التكامل التقني مع الجهات الحكومية ذات العلاقة عبر قنوات البيانات الوطنية، لتبادل البيانات وتقديم خدمات موحدة ومترابطة للمستفيدين | C13: =SUMPRODUCT(--ISNUMBER(SEARCH("2. ",'مصفوفة الربط'!D2:D126))) -> 28
A14: 3 | B14: تعزيز الابتكار الرقمي المؤسسي من خلال استثمار التقنيات الناشئة والتحليلات المتقدمة والذكاء الاصطناعي لتطوير حلول رقمية فعّالة لدعم جودة التقويم والتعليم والتدريب، وتسهم في تحسين الكفاءة التشغيلية وتجربة المستفيد | C14: =SUMPRODUCT(--ISNUMBER(SEARCH("3. ",'مصفوفة الربط'!D2:D126))) -> 52
A15: 4 | B15: بناء قدرات رقمية وطنية وتمكين الكفاءات المتخصصة والعامة في مجال البيانات والتحول الرقمي، من خلال مسارات تدريبية مستهدفة متوافقة مع معايير بناء الكفاءات | C15: =SUMPRODUCT(--ISNUMBER(SEARCH("4. ",'مصفوفة الربط'!D2:D126))) -> 20
A16: 5 | B16: تحقيق التميز في تقديم الخدمات الرقمية من خلال التوسع في رقمنة الخدمات، وتحسين تجربة المستفيدين بما يضمن الامتثال لمعايير الحكومة الرقمية | C16: =SUMPRODUCT(--ISNUMBER(SEARCH("5. ",'مصفوفة الربط'!D2:D126))) -> 83
A17: 6 | B17: تنظيم الاستفادة من البنية التحتية التقنية بما يضمن استمرارية الأعمال وحوكمة الكفاءة التشغيلية | C17: =SUMPRODUCT(--ISNUMBER(SEARCH("6. ",'مصفوفة الربط'!D2:D126))) -> 56
A20: مبادرات التحول الرقمي الاستراتيجية (6)
A21: # | B21: المبادرة | C21: عدد المشاريع
A22: 1 | B22: مبادرة الذكاء الاصطناعي والتحليلات المتقدمة | C22: =SUMPRODUCT(--ISNUMBER(SEARCH("1. ",'مصفوفة الربط'!E2:E126))) -> 16
A23: 2 | B23: مبادرة الجاهزية التشغيلية واستمرارية الأعمال | C23: =SUMPRODUCT(--ISNUMBER(SEARCH("2. ",'مصفوفة الربط'!E2:E126))) -> 21
A24: 3 | B24: مبادرة تعزيز كفاءة واستدامة البنية التحتية التقنية | C24: =SUMPRODUCT(--ISNUMBER(SEARCH("3. ",'مصفوفة الربط'!E2:E126))) -> 35
A25: 4 | B25: مبادرة تطوير الحلول والخدمات الرقمية | C25: =SUMPRODUCT(--ISNUMBER(SEARCH("4. ",'مصفوفة الربط'!E2:E126))) -> 33
A26: 5 | B26: مبادرة تحسين تجربة المستفيد الرقمية | C26: =SUMPRODUCT(--ISNUMBER(SEARCH("5. ",'مصفوفة الربط'!E2:E126))) -> 15
A27: 6 | B27: مبادرة التمكين الرقمي | C27: =SUMPRODUCT(--ISNUMBER(SEARCH("6. ",'مصفوفة الربط'!E2:E126))) -> 11

Sheet مرجع المتطلبات
A1: المتطلبات المؤسسية
A2: الرمز | B2: النوع | C2: النص | D2: عدد المشاريع
A3: AR01 | B3: تطبيقات | C3: تطوير نظام تواصل داخلي فعال يقلل الاعتماد على البريد الإلكتروني | D3: =COUNTIF('مصفوفة الربط'!G2:G126,"*AR01*") -> 2
A4: AR02 | B4: تطبيقات | C4: توفير نظام مركزي لمتابعة الأداء وتحليل البيانات | D4: =COUNTIF('مصفوفة الربط'!G2:G126,"*AR02*") -> 11
A5: AR03 | B5: تطبيقات | C5: توفير آلية للإبلاغ عن حوادث سرقة البيانات وتدريبات للموظفين | D5: =COUNTIF('مصفوفة الربط'!G2:G126,"*AR03*") -> 2
A6: AR04 | B6: تطبيقات | C6: اعتماد تقنيات متقدمة لتصنيف البيانات | D6: =COUNTIF('مصفوفة الربط'!G2:G126,"*AR04*") -> 2
A7: AR05 | B7: تطبيقات | C7: اعتماد نظام لإدارة جودة البيانات يشمل تعريف البيانات والمؤشرات | D7: =COUNTIF('مصفوفة الربط'!G2:G126,"*AR05*") -> 9
A8: AR06 | B8: تطبيقات | C8: تطوير نظام موحد لتجميع بيانات المستفيدين وتحسين تكامل البيانات | D8: =COUNTIF('مصفوفة الربط'!G2:G126,"*AR06*") -> 4
A9: AR07 | B9: تطبيقات | C9: اعتماد آلية مركزية لإدارة الأصول التقنية | D9: =COUNTIF('مصفوفة الربط'!G2:G126,"*AR07*") -> 32
A10: AR08 | B10: تطبيقات | C10: تطوير نظام تحليل بيانات متكامل لرصد احتياجات المستفيدين | D10: =COUNTIF('مصفوفة الربط'!G2:G126,"*AR08*") -> 9
A11: AR09 | B11: تطبيقات | C11: تنفيذ برامج وأدوات لقياس وتحليل رضا المستفيدين | D11: =COUNTIF('مصفوفة الربط'!G2:G126,"*AR09*") -> 7
A12: AR10 | B12: تطبيقات | C12: تطوير نظام إدارة الإنابة لضمان استمرارية الأعمال | D12: =COUNTIF('مصفوفة الربط'!G2:G126,"*AR10*") -> 2
A13: AR11 | B13: تطبيقات | C13: تطوير نظام متكامل لقياس أداء الإجراءات وربطها بالأهداف الاستراتيجية | D13: =COUNTIF('مصفوفة الربط'!G2:G126,"*AR11*") -> 1
A14: AR12 | B14: تطبيقات | C14: تطوير نظام إدارة مهام يتضمن آلية لتحديد الأولويات | D14: =COUNTIF('مصفوفة الربط'!G2:G126,"*AR12*") -> 2
A15: AR13 | B15: تطبيقات | C15: تطوير نظام لربط إدارة المهام مع إدارة الأداء | D15: =COUNTIF('مصفوفة الربط'!G2:G126,"*AR13*") -> 1
A16: AR14 | B16: تطبيقات | C16: نظام موحد لاستقبال ومتابعة المقترحات والأفكار والشكاوى | D16: =COUNTIF('مصفوفة الربط'!G2:G126,"*AR14*") -> 2
A17: AR15 | B17: تطبيقات | C17: تطوير منصة موحدة شاملة لأعمال الهيئة | D17: =COUNTIF('مصفوفة الربط'!G2:G126,"*AR15*") -> 2
A18: AR16 | B18: تطبيقات | C18: إنشاء بوابة داخلية موحدة للموظفين | D18: =COUNTIF('مصفوفة الربط'!G2:G126,"*AR16*") -> 3
A19: AR17 | B19: تطبيقات | C19: تطوير نظام متخصص للجودة | D19: =COUNTIF('مصفوفة الربط'!G2:G126,"*AR17*") -> 9
A20: AR18 | B20: تطبيقات | C20: تكامل النظام الجديد مع الأنظمة الحالية | D20: =COUNTIF('مصفوفة الربط'!G2:G126,"*AR18*") -> 39
A21: AR19 | B21: تطبيقات | C21: اعتماد أدوات وتقنيات متقدمة لإدارة المعرفة | D21: =COUNTIF('مصفوفة الربط'!G2:G126,"*AR19*") -> 5
A22: AR20 | B22: تطبيقات | C22: إنشاء نظام مركزي لإدارة المشاريع | D22: =COUNTIF('مصفوفة الربط'!G2:G126,"*AR20*") -> 1
A23: BR01 | B23: أعمال | C23: إعادة هندسة الإجراءات الخاصة بإدارة التغيير على العمليات مع وضع حوكمة فعالة | D23: =COUNTIF('مصفوفة الربط'!G2:G126,"*BR01*") -> 32
A24: BR02 | B24: أعمال | C24: استكمال أتمتة جميع الإجراءات المتبقية لضمان تكامل الخدمات وتحسين الكفاءة التشغيلية | D24: =COUNTIF('مصفوفة الربط'!G2:G126,"*BR02*") -> 48
A25: BR03 | B25: أعمال | C25: إعادة هندسة الإجراءات الخاصة بإدارة التواصل مع الجهات الحكومية المزودة للخدمات | D25: =COUNTIF('مصفوفة الربط'!G2:G126,"*BR03*") -> 5
A26: BR04 | B26: أعمال | C26: تطوير وتطبيق نموذج متعدد القنوات لدمج قنوات التواصل مع المستفيدين | D26: =COUNTIF('مصفوفة الربط'!G2:G126,"*BR04*") -> 12
A27: BR05 | B27: أعمال | C27: إجراء تقييم دوري لتحديد مستوى الثقافة الرقمية بين الموظفين | D27: =COUNTIF('مصفوفة الربط'!G2:G126,"*BR05*") -> 3
A28: BR06 | B28: أعمال | C28: تطوير وتنفيذ برنامج تدريبي شامل لتعزيز المهارات الرقمية | D28: =COUNTIF('مصفوفة الربط'!G2:G126,"*BR06*") -> 29
A29: BR07 | B29: أعمال | C29: توفير برامج تدريبية لتعزيز الثقافة الرشيقة والابتكار | D29: =COUNTIF('مصفوفة الربط'!G2:G126,"*BR07*") -> 6
A30: BR08 | B30: أعمال | C30: اعتماد وتطبيق منهجيات العمل الرشيقة Agile | D30: =COUNTIF('مصفوفة الربط'!G2:G126,"*BR08*") -> 2
A31: BR09 | B31: أعمال | C31: تصميم وتنفيذ سياسات وإجراءات واضحة للإنابة | D31: =COUNTIF('مصفوفة الربط'!G2:G126,"*BR09*") -> 1
A32: BR10 | B32: أعمال | C32: إعداد وتنفيذ سياسة موحدة لإدارة الأنظمة | D32: =COUNTIF('مصفوفة الربط'!G2:G126,"*BR10*") -> 10
A33: BR11 | B33: أعمال | C33: إجراء مراجعة شاملة لجميع الأنظمة الحالية وخطة لدمج الأنظمة | D33: =COUNTIF('مصفوفة الربط'!G2:G126,"*BR11*") -> 2
A34: BR12 | B34: أعمال | C34: اعتماد مؤشرات أداء رئيسية KPIs لكل إجراء وخدمة | D34: =COUNTIF('مصفوفة الربط'!G2:G126,"*BR12*") -> 1
A35: BR13 | B35: أعمال | C35: دليل حوكمة الإجراءات ومصفوفة الصلاحيات واتفاقيات OLA و SLA | D35: =COUNTIF('مصفوفة الربط'!G2:G126,"*BR13*") -> 1
A36: BR14 | B36: أعمال | C36: إعداد سياسة واضحة لتحديد أولويات العمل | D36: =COUNTIF('مصفوفة الربط'!G2:G126,"*BR14*") -> 2
A37: BR15 | B37: أعمال | C37: سياسة واضحة لتقييم أداء الموظف تشمل ربط المهام بمؤشرات الأداء | D37: =COUNTIF('مصفوفة الربط'!G2:G126,"*BR15*") -> 2
A38: BR16 | B38: أعمال | C38: آلية فعالة لمعالجة ومتابعة المقترحات والشكاوى | D38: =COUNTIF('مصفوفة الربط'!G2:G126,"*BR16*") -> 2
A39: BR17 | B39: أعمال | C39: تطوير وتطبيق استراتيجية إدارة التغيير المؤسسية | D39: =COUNTIF('مصفوفة الربط'!G2:G126,"*BR17*") -> 2
A40: BR18 | B40: أعمال | C40: تطوير وتطبيق استراتيجية إدارة المخاطر المؤسسية | D40: =COUNTIF('مصفوفة الربط'!G2:G126,"*BR18*") -> 10
A41: BR19 | B41: أعمال | C41: تطوير وتعزيز وظيفة إدارة المعرفة في الهيئة | D41: =COUNTIF('مصفوفة الربط'!G2:G126,"*BR19*") -> 6
A42: BR20 | B42: أعمال | C42: تطوير وتطبيق سياسات وإجراءات موحدة لإدارة المشاريع التقنية | D42: =COUNTIF('مصفوفة الربط'!G2:G126,"*BR20*") -> 2
A43: DR01 | B43: بيانات | C43: وضع معايير موحدة لجودة البيانات وتقديم تدريبات للموظفين | D43: =COUNTIF('مصفوفة الربط'!G2:G126,"*DR01*") -> 18
A44: DR02 | B44: بيانات | C44: تطوير وتنفيذ إجراء موحد لتحديد البيانات الرئيسية والمرجعية | D44: =COUNTIF('مصفوفة الربط'!G2:G126,"*DR02*") -> 2
A45: TR01 | B45: تقنية | C45: تأمين آلية مصادقة موحدة تشمل التحقق الثنائي وكلمات المرور | D45: =COUNTIF('مصفوفة الربط'!G2:G126,"*TR01*") -> 15
A46: TR02 | B46: تقنية | C46: ضمان تنوع مصادر مزودي خدمات الإنترنت لضمان استمرارية الأعمال | D46: =COUNTIF('مصفوفة الربط'!G2:G126,"*TR02*") -> 4
A47: TR03 | B47: تقنية | C47: الإسراع في تنفيذ خطط التعافي من الكوارث وتحديثها بانتظام | D47: =COUNTIF('مصفوفة الربط'!G2:G126,"*TR03*") -> 45
A48: TR04 | B48: تقنية | C48: الإسراع في تنفيذ نظام وفرة دائم (Redundancy) على طبقات الشبكة | D48: =COUNTIF('مصفوفة الربط'!G2:G126,"*TR04*") -> 10

Sheet مرجع الفجوات
A1: الفجوات المؤسسية
A2: الرمز | B2: المجال | C2: النص | D2: عدد المشاريع
A3: GAP-A-01 | B3: فجوات بنية التطبيقات | C3: غياب التكامل الشامل بين معظم التطبيقات؛ تكامل أحادي أو غير موثق. | D3: =COUNTIF('مصفوفة الربط'!F2:F126,"*GAP-A-01*") -> 27
A4: GAP-A-02 | B4: فجوات بنية التطبيقات | C4: ضعف التوثيق في العديد من التطبيقات | D4: =COUNTIF('مصفوفة الربط'!F2:F126,"*GAP-A-02*") -> 9
A5: GAP-A-03 | B5: فجوات بنية التطبيقات | C5: ضعف التوثيق الأمني في العديد من التطبيقات: تشفير البيانات والمصادقة المتقدمة | D5: =COUNTIF('مصفوفة الربط'!F2:F126,"*GAP-A-03*") -> 11
A6: GAP-A-04 | B6: فجوات بنية التطبيقات | C6: عدم استثمار كامل للإمكانات السحابية وعناصر البنية التحتية الحديثة Microservices، الحاويات Containers . | D6: =COUNTIF('مصفوفة الربط'!F2:F126,"*GAP-A-04*") -> 4
A7: GAP-A-05 | B7: فجوات بنية التطبيقات | C7: تطبيقات عديمة الاستخدام أو غير فعالة تشكِّل عبئًا تقنيًا وتشغيليًا | D7: =COUNTIF('مصفوفة الربط'!F2:F126,"*GAP-A-05*") -> 7
A8: GAP-A-06 | B8: فجوات بنية التطبيقات | C8: تعدد أدوات الإدارة والمراقبة SolarWinds، AppDynamics، Site24x7 دون توحيد رؤية التحليل والحوكمة | D8: =COUNTIF('مصفوفة الربط'!F2:F126,"*GAP-A-06*") -> 19
A9: GAP-A-07 | B9: فجوات بنية التطبيقات | C9: قصور في المصادقة الموحدة، تشفير محدود، تباين في إدارة الحقوق والصلاحيات | D9: =COUNTIF('مصفوفة الربط'!F2:F126,"*GAP-A-07*") -> 10
A10: GAP-A-08 | B10: فجوات بنية التطبيقات | C10: غياب سجل مركزي لتتبع التطبيقات وتقيّدها بمعايير موحَّدة في التطوير والدعم | D10: =COUNTIF('مصفوفة الربط'!F2:F126,"*GAP-A-08*") -> 8
A11: GAP-A-09 | B11: فجوات بنية التطبيقات | C11: عدم استفادة شاملة من Denodo/Talend/CP4D، ونقص في مستودع بيانات مركزي (Data Lake) يتكامل مع كل الأنظمة | D11: =COUNTIF('مصفوفة الربط'!F2:F126,"*GAP-A-09*") -> 25
A12: GAP-A-10 | B12: فجوات بنية التطبيقات | C12: عدم استفادة شاملة من ادوات و تطبيقات ذكاء الأعمال | D12: =COUNTIF('مصفوفة الربط'!F2:F126,"*GAP-A-10*") -> 9
A13: GAP-B-01 | B13: فجوات بنية الأعمال | C13: غياب الأتمتة لبعض الخدمات أو الإجراءات الأساسية والداعمة | D13: =COUNTIF('مصفوفة الربط'!F2:F126,"*GAP-B-01*") -> 69
A14: GAP-B-02 | B14: فجوات بنية الأعمال | C14: ضعف في تطبيق اتفاقيات مستوى الخدمة أو التشغيل (SLA , OLA) على عدد معين من الخدمات سواء بشكل جزئي أو كلي | D14: =COUNTIF('مصفوفة الربط'!F2:F126,"*GAP-B-02*") -> 14
A15: GAP-B-03 | B15: فجوات بنية الأعمال | C15: الحاجة إلى تمكين / تفعيل خاصية الاعتماد الإلكتروني في عدد من الخدمات | D15: =COUNTIF('مصفوفة الربط'!F2:F126,"*GAP-B-03*") -> 2
A16: GAP-B-04 | B16: فجوات بنية الأعمال | C16: الحاجة إلى تمكين تتبع حالة الطلبات في بعض الخدمات و توحيد طريقة إرسال الإشعارات | D16: =COUNTIF('مصفوفة الربط'!F2:F126,"*GAP-B-04*") -> 21
A17: GAP-B-05 | B17: فجوات بنية الأعمال | C17: الحاجة إلى التكامل مع الأنظمة والمنصات الداخلية و الخارجية في عدد من الخدمات أو الإجراءات | D17: =COUNTIF('مصفوفة الربط'!F2:F126,"*GAP-B-05*") -> 36
A18: GAP-B-06 | B18: فجوات بنية الأعمال | C18: غياب عملية حوكمة متكاملة لإجراءات الأعمال بشكل فعال | D18: =COUNTIF('مصفوفة الربط'!F2:F126,"*GAP-B-06*") -> 15
A19: GAP-B-07 | B19: فجوات بنية الأعمال | C19: الحاجة إلى تطوير وتحسين مؤشرات قياس أداء لبعض الخدمات / الإجراءات | D19: =COUNTIF('مصفوفة الربط'!F2:F126,"*GAP-B-07*") -> 5
A20: GAP-B-08 | B20: فجوات بنية الأعمال | C20: يوجد نماذج موحدة لتوثيق إجراءات العمل (أدلة الأعمال الإجرائية) ولكنها تحتاج إلى مراجعة وتحديث بانتظام لضمان توافقها مع التغيرات والاحتياجات الجديدة | D20: =COUNTIF('مصفوفة الربط'!F2:F126,"*GAP-B-08*") -> 11
A21: GAP-B-09 | B21: فجوات بنية الأعمال | C21: الحاجة إلى توفير (أدلة الخدمات، أدلة مرئية ) للمستفيدين بشكل متكامل ومفصّل وموحد لعدد من الخدمات الخدمات | D21: =COUNTIF('مصفوفة الربط'!F2:F126,"*GAP-B-09*") -> 19
A22: GAP-B-10 | B22: فجوات بنية الأعمال | C22: الحاجة إلى توفير نماذج الحوكمة والقياس بشكل كامل | D22: =COUNTIF('مصفوفة الربط'!F2:F126,"*GAP-B-10*") -> 15
A23: GAP-B-11 | B23: فجوات بنية الأعمال | C23: ضرورة استكمال وتحسين بعض التقارير الإلكترونية الحالية التي تحتاج إلى استكمال وتحسين | D23: =COUNTIF('مصفوفة الربط'!F2:F126,"*GAP-B-11*") -> 5
A24: GAP-B-12 | B24: فجوات بنية الأعمال | C24: تنفذ بعض الأعمال حاليا باستخدام برمجيات لمعالجة البيانات | D24: =COUNTIF('مصفوفة الربط'!F2:F126,"*GAP-B-12*") -> 7
A25: GAP-B-13 | B25: فجوات بنية الأعمال | C25: ضرورة إعادة هندسة الإجراءات التي تحتاج إلى تحسين | D25: =COUNTIF('مصفوفة الربط'!F2:F126,"*GAP-B-13*") -> 15
A26: GAP-B-14 | B26: فجوات بنية الأعمال | C26: ضرورة تطوير وتنفيذ برامج تدريبية شاملة وفعالة للموظفين لتعزيز المهارات الرقمية كجزء من التحسين المستمر | D26: =COUNTIF('مصفوفة الربط'!F2:F126,"*GAP-B-14*") -> 31
A27: GAP-B-15 | B27: فجوات بنية الأعمال | C27: ضرورة تطوير وتطبيق نموذج متعدد القنوات لدمج جميع قنوات التواصل مع المستفيدين لتحقيق تجربة مستفيدين سلسة | D27: =COUNTIF('مصفوفة الربط'!F2:F126,"*GAP-B-15*") -> 22
A28: GAP-B-16 | B28: فجوات بنية الأعمال | C28: الاعتماد على التواصل اليدوي والتصعيد اليدوي | D28: =COUNTIF('مصفوفة الربط'!F2:F126,"*GAP-B-16*") -> 19
A29: GAP-B-17 | B29: فجوات بنية الأعمال | C29: الحاجة إلى تحسين تجربة المستفيد ورحلاته المختلفة | D29: =COUNTIF('مصفوفة الربط'!F2:F126,"*GAP-B-17*") -> 28
A30: GAP-B-18 | B30: فجوات بنية الأعمال | C30: الحاجة إلى توفير وتنفيذ بعض الأنظمة والأدوات التي تدعم وظائف وعمليات وحدات الأعمال | D30: =COUNTIF('مصفوفة الربط'!F2:F126,"*GAP-B-18*") -> 10
A31: GAP-B-19 | B31: فجوات بنية الأعمال | C31: العمل على تصميم وتنفيذ سياسات وإجراءات جديدة تدعم أعمال الجهة | D31: =COUNTIF('مصفوفة الربط'!F2:F126,"*GAP-B-19*") -> 2
A32: GAP-B-20 | B32: فجوات بنية الأعمال | C32: الحاجة إلى الأتمتة الرقمية لعمليات ووظائف الأعمال الخاصة باستقبال ومتابعة المقترحات والأفكار الإبداعية والشكاوى من خلال توفير نظام موحد | D32: =COUNTIF('مصفوفة الربط'!F2:F126,"*GAP-B-20*") -> 66
A33: GAP-B-21 | B33: فجوات بنية الأعمال | C33: العمل على الأتمتة الرقمية الشاملة لأعمال الهيئة من خلال تطوير منصة موحدة شاملة | D33: =COUNTIF('مصفوفة الربط'!F2:F126,"*GAP-B-21*") -> 65
A34: GAP-B-22 | B34: فجوات بنية الأعمال | C34: ضرورة الأتمتة الرقمية لعمليات الموظفين من خلال إنشاء بوابة داخلية موحدة للموظفين | D34: =COUNTIF('مصفوفة الربط'!F2:F126,"*GAP-B-22*") -> 65
A35: GAP-B-23 | B35: فجوات بنية الأعمال | C35: الحاجة إلى تطوير وتطبيق استراتيجيتي إدارة التغيير المؤسسية و إدارة المخاطر المؤسسية | D35: =COUNTIF('مصفوفة الربط'!F2:F126,"*GAP-B-23*") -> 6
A36: GAP-B-24 | B36: فجوات بنية الأعمال | C36: الحاجة إلى أتمتة أعمال ووظائف إدارة المشاريع وإدارة الأداء من خلال إنشاء نظام مركزي | D36: =COUNTIF('مصفوفة الربط'!F2:F126,"*GAP-B-24*") -> 65
A37: GAP-B-25 | B37: فجوات بنية الأعمال | C37: الحاجة إلى أتمتة أعمال الجودة والتدقيق المؤسسي | D37: =COUNTIF('مصفوفة الربط'!F2:F126,"*GAP-B-25*") -> 66
A38: GAP-B-26 | B38: فجوات بنية الأعمال | C38: ضرورة تطوير وتعزيز وظيفة إدارة المعرفة | D38: =COUNTIF('مصفوفة الربط'!F2:F126,"*GAP-B-26*") -> 1
A39: GAP-B-27 | B39: فجوات بنية الأعمال | C39: ضرورة تطبيق تقنية (OCR) | D39: =COUNTIF('مصفوفة الربط'!F2:F126,"*GAP-B-27*") -> 1
A40: GAP-B-28 | B40: فجوات بنية الأعمال | C40: ضرورة التحسين المستمر للحقائب التدريبية و تمتين برنامج إعداد المدربين | D40: =COUNTIF('مصفوفة الربط'!F2:F126,"*GAP-B-28*") -> 29
A41: GAP-B-29 | B41: فجوات بنية الأعمال | C41: ضرورة إضافة ميزة وخيارات طرق الدفع الإضافية | D41: =COUNTIF('مصفوفة الربط'!F2:F126,"*GAP-B-29*") -> 3
A42: GAP-B-30 | B42: فجوات بنية الأعمال | C42: ضرورة إضافة إدارة الاعتمادات الدولية في الهيكل التنظيمي | D42: =COUNTIF('مصفوفة الربط'!F2:F126,"*GAP-B-30*") -> 2
A43: GAP-B-31 | B43: فجوات بنية الأعمال | C43: ضرورة تحسين وتحديث المسميات الوظيفية | D43: =COUNTIF('مصفوفة الربط'!F2:F126,"*GAP-B-31*") -> 2
A44: GAP-D-01 | B44: فجوات بنية البيانات | C44: غياب الدليل الموحد للبيانات | D44: =COUNTIF('مصفوفة الربط'!F2:F126,"*GAP-D-01*") -> 6
A45: GAP-D-02 | B45: فجوات بنية البيانات | C45: نقص جزئي في سياسات حوكمة البيانات | D45: =COUNTIF('مصفوفة الربط'!F2:F126,"*GAP-D-02*") -> 5
A46: GAP-D-03 | B46: فجوات بنية البيانات | C46: عدم توثيق خطط التعافي من الكوارث لخزائن البيانات الحيوية | D46: =COUNTIF('مصفوفة الربط'!F2:F126,"*GAP-D-03*") -> 21
A47: GAP-D-04 | B47: فجوات بنية البيانات | C47: تناثر قواعد البيانات | D47: =COUNTIF('مصفوفة الربط'!F2:F126,"*GAP-D-04*") -> 3
A48: GAP-D-05 | B48: فجوات بنية البيانات | C48: توفر منصة دمج بيانات جزئية لا تغطي كافة كيانات البيانات | D48: =COUNTIF('مصفوفة الربط'!F2:F126,"*GAP-D-05*") -> 4
A49: GAP-D-06 | B49: فجوات بنية البيانات | C49: وجود معايير جودة بيانات مفعلة جزئيًا دون تطبيق شامل على جميع كيانات البيانات | D49: =COUNTIF('مصفوفة الربط'!F2:F126,"*GAP-D-06*") -> 3
A50: GAP-D-07 | B50: فجوات بنية البيانات | C50: توفر قدرات تحليلية متقدمة غير مفعلة على مستوى الهيئة | D50: =COUNTIF('مصفوفة الربط'!F2:F126,"*GAP-D-07*") -> 15
A51: GAP-D-08 | B51: فجوات بنية البيانات | C51: ضعف توثيق البيانات المفتوحة | D51: =COUNTIF('مصفوفة الربط'!F2:F126,"*GAP-D-08*") -> 1
A52: GAP-D-09 | B52: فجوات بنية البيانات | C52: استمرار بعض التعاملات الورقية | D52: =COUNTIF('مصفوفة الربط'!F2:F126,"*GAP-D-09*") -> 1
A53: GAP-D-10 | B53: فجوات بنية البيانات | C53: عدم وجود نظام موحّد لإدارة البيانات الوصفية Metadata | D53: =COUNTIF('مصفوفة الربط'!F2:F126,"*GAP-D-10*") -> 1
A54: GAP-D-11 | B54: فجوات بنية البيانات | C54: انعدام اتفاقية مستوى الخدمة (SLA) لخدمات البيانات | D54: =COUNTIF('مصفوفة الربط'!F2:F126,"*GAP-D-11*") -> 21
A55: GAP-D-12 | B55: فجوات بنية البيانات | C55: نقص في سياسات الأرشفة طويلة الأجل | D55: =COUNTIF('مصفوفة الربط'!F2:F126,"*GAP-D-12*") -> 21
A56: GAP-D-13 | B56: فجوات بنية البيانات | C56: ضعف تحديد الأدوار الخاصة بأمناء البيانات | D56: =COUNTIF('مصفوفة الربط'!F2:F126,"*GAP-D-13*") -> 2
A57: GAP-D-14 | B57: فجوات بنية البيانات | C57: فجوة إنشاء كيانات بيانات جديدة لسد احتياجات أتمتة الأعمال والخدمات | D57: =COUNTIF('مصفوفة الربط'!F2:F126,"*GAP-D-14*") -> 2
A58: GAP-D-15 | B58: فجوات بنية البيانات | C58: الاعتماد على إدارة البيانات الورقية بدلًا من الأنظمة المؤتمتة | D58: =COUNTIF('مصفوفة الربط'!F2:F126,"*GAP-D-15*") -> 1
A59: GAP-D-16 | B59: فجوات بنية البيانات | C59: عدم استخدام نظام ECM والاكتفاء بحفظ الملفات على شبكة الهيئة | D59: =COUNTIF('مصفوفة الربط'!F2:F126,"*GAP-D-16*") -> 4
A60: GAP-D-17 | B60: فجوات بنية البيانات | C60: توفر قدرات الذكاء الاصطناعي وتعلم الآلة دون تفعيل شامل على مستوى الهيئة. | D60: =COUNTIF('مصفوفة الربط'!F2:F126,"*GAP-D-17*") -> 17
A61: GAP-D-18 | B61: فجوات بنية البيانات | C61: عدم وجود إجراءات موحّدة لتحديد البيانات الرئيسية والمرجعية | D61: =COUNTIF('مصفوفة الربط'!F2:F126,"*GAP-D-18*") -> 1
A62: GAP-D-19 | B62: فجوات بنية البيانات | C62: غياب تقنيات تصنيف البيانات المتقدم | D62: =COUNTIF('مصفوفة الربط'!F2:F126,"*GAP-D-19*") -> 2
A63: GAP-D-20 | B63: فجوات بنية البيانات | C63: الحاجة إلى توظيف التقنيات الناشئة لتلبية احتياجات المستفيدين بشكل استباقي | D63: =COUNTIF('مصفوفة الربط'!F2:F126,"*GAP-D-20*") -> 16
A64: GAP-D-21 | B64: فجوات بنية البيانات | C64: عدم الإسراع في تنفيذ نظام منع تسرب البيانات DLP | D64: =COUNTIF('مصفوفة الربط'!F2:F126,"*GAP-D-21*") -> 2
A65: GAP-D-22 | B65: فجوات بنية البيانات | C65: توثيق جزئي لهياكل البيانات ونمذجتها. | D65: =COUNTIF('مصفوفة الربط'!F2:F126,"*GAP-D-22*") -> 2
A66: GAP-D-23 | B66: فجوات بنية البيانات | C66: ضعف المنصّة المتاحة للمستخدمين لاستخراج التقارير والتحليلات | D66: =COUNTIF('مصفوفة الربط'!F2:F126,"*GAP-D-23*") -> 15
A67: GAP-D-24 | B67: فجوات بنية البيانات | C67: غياب مستودع أو دليل مركزي شامل (قاموس بيانات) عن جميع عناصر البيانات المستخدمة | D67: =COUNTIF('مصفوفة الربط'!F2:F126,"*GAP-D-24*") -> 5
A68: GAP-D-25 | B68: فجوات بنية البيانات | C68: عدم اعتماد تصنيف واضح للبيانات (مرجعية، وصفية، أساسية) | D68: =COUNTIF('مصفوفة الربط'!F2:F126,"*GAP-D-25*") -> 5
A69: GAP-D-26 | B69: فجوات بنية البيانات | C69: نقص التقييم المستمر لجودة البيانات (التكرار، الإكمال، التكامل) وتعيين مسؤول مختص | D69: =COUNTIF('مصفوفة الربط'!F2:F126,"*GAP-D-26*") -> 3
A70: GAP-D-27 | B70: فجوات بنية البيانات | C70: استمرار وجود قواعد بيانات غير مستخدمة وعدم أرشفتها | D70: =COUNTIF('مصفوفة الربط'!F2:F126,"*GAP-D-27*") -> 4
A71: GAP-D-28 | B71: فجوات بنية البيانات | C71: غياب مؤشرات أداء نمذجة البيانات (قياس فعالية النماذج وجودتها) | D71: =COUNTIF('مصفوفة الربط'!F2:F126,"*GAP-D-28*") -> 2
A72: GAP-D-29 | B72: فجوات بنية البيانات | C72: عدم تحديث وتوثيق كيانات البيانات المفتوحة بانتظام | D72: =COUNTIF('مصفوفة الربط'!F2:F126,"*GAP-D-29*") -> 2
A73: GAP-D-30 | B73: فجوات بنية البيانات | C73: ضعف التدريب والتوعية بإدارة البيانات وحوكمتها | D73: =COUNTIF('مصفوفة الربط'!F2:F126,"*GAP-D-30*") -> 5
A74: GAP-D-31 | B74: فجوات بنية البيانات | C74: غياب النموذج المفاهيمي المؤسسي للبيانات بسبب ضعف توثيق العلاقات بين كيانات البيانات وخزائنها. | D74: =COUNTIF('مصفوفة الربط'!F2:F126,"*GAP-D-31*") -> 6
A75: GAP-T-1 | B75: فجوات بنية التقنية والأمن السيبراني | C75: عدم وجود تقسيم واضح للأدوار والمسؤوليات | D75: =COUNTIF('مصفوفة الربط'!F2:F126,"*GAP-T-1*") -> 45
A76: GAP-T-2 | B76: فجوات بنية التقنية والأمن السيبراني | C76: غياب برامج تدريبية دورية للموظفين | D76: =COUNTIF('مصفوفة الربط'!F2:F126,"*GAP-T-2*") -> 6
A77: GAP-T-3 | B77: فجوات بنية التقنية والأمن السيبراني | C77: عدم وجود تكامل مع مركز الأمن السيبراني (SOC) | D77: =COUNTIF('مصفوفة الربط'!F2:F126,"*GAP-T-3*") -> 3
A78: GAP-T-4 | B78: فجوات بنية التقنية والأمن السيبراني | C78: غياب أدوات اخذ القرار تلقاءيا بعد تحليل حركة المرور واكتشاف الأنماط المشبوهة | D78: =COUNTIF('مصفوفة الربط'!F2:F126,"*GAP-T-4*") -> 2
A79: GAP-T-5 | B79: فجوات بنية التقنية والأمن السيبراني | C79: عدم توفر إجراءات واضحة لاستجابة الحوادث الأمنية وعمل سيناريو لعمليات الانقطاع بصورة دورية و موثقة | D79: =COUNTIF('مصفوفة الربط'!F2:F126,"*GAP-T-5*") -> 2
A80: GAP-T-6 | B80: فجوات بنية التقنية والأمن السيبراني | C80: عدم وجود مستودع معرفة لتوثيق حلول المشاكل الشائعة | D80: =COUNTIF('مصفوفة الربط'!F2:F126,"*GAP-T-6*") -> 2
A81: GAP-T-7 | B81: فجوات بنية التقنية والأمن السيبراني | C81: نقص الأدوات التلقائية لمراقبة اختناقات الأداء على مستوي ال LAN ولكن يتوافر thousand eyes على مستوي ال WAN | D81: =COUNTIF('مصفوفة الربط'!F2:F126,"*GAP-T-7*") -> 2
A82: GAP-T-8 | B82: فجوات بنية التقنية والأمن السيبراني | C82: عدم وجود أهداف موثقة لمؤشرات RTO/RPO | D82: =COUNTIF('مصفوفة الربط'!F2:F126,"*GAP-T-8*") -> 8
A83: GAP-T-9 | B83: فجوات بنية التقنية والأمن السيبراني | C83: نقص الأدوات المخصصة لتحليل وتحسين الامتثال لاتفاقيات SLAs | D83: =COUNTIF('مصفوفة الربط'!F2:F126,"*GAP-T-9*") -> 2
A84: GAP-T-10 | B84: فجوات بنية التقنية والأمن السيبراني | C84: تنوع أنظمة التشغيل | D84: =COUNTIF('مصفوفة الربط'!F2:F126,"*GAP-T-10*") -> 6
A85: GAP-T-11 | B85: فجوات بنية التقنية والأمن السيبراني | C85: تفاوت في مواصفات الأجهزة | D85: =COUNTIF('مصفوفة الربط'!F2:F126,"*GAP-T-11*") -> 15
A86: GAP-T-12 | B86: فجوات بنية التقنية والأمن السيبراني | C86: وجود أنظمة منتهية الدعم او على وشك الانتهاء | D86: =COUNTIF('مصفوفة الربط'!F2:F126,"*GAP-T-12*") -> 20
A87: GAP-T-13 | B87: فجوات بنية التقنية والأمن السيبراني | C87: عدم التوثيق الكامل لبعض الخوادم | D87: =COUNTIF('مصفوفة الربط'!F2:F126,"*GAP-T-13*") -> 5
A88: GAP-T-14 | B88: فجوات بنية التقنية والأمن السيبراني | C88: عدم دورة حياة واضحة للخوادم واستراتيجية لإعادة التدوير أو التحديث المستمر | D88: =COUNTIF('مصفوفة الربط'!F2:F126,"*GAP-T-14*") -> 11
A89: GAP-T-15 | B89: فجوات بنية التقنية والأمن السيبراني | C89: تكرار الخوادم على نفس السحابة مما يحقق توافرية في حالة عمل السحابة ولا توجد هذه الخوادم على سحابة أخرى | D89: =COUNTIF('مصفوفة الربط'!F2:F126,"*GAP-T-15*") -> 7
A90: GAP-T-16 | B90: فجوات بنية التقنية والأمن السيبراني | C90: لا يوجد استخدام تقنية الحاويات Containers | D90: =COUNTIF('مصفوفة الربط'!F2:F126,"*GAP-T-16*") -> 1
A91: GAP-T-17 | B91: فجوات بنية التقنية والأمن السيبراني | C91: عدم وجود أتمتة متكاملة عبر SDN للتحكم الذكي في الشبكة | D91: =COUNTIF('مصفوفة الربط'!F2:F126,"*GAP-T-17*") -> 4
A92: GAP-T-18 | B92: فجوات بنية التقنية والأمن السيبراني | C92: عدم استخدام تقنيات SOAR (تنسيق الأمان والتشغيل الآلي والاستجابة) داخل SOC. | D92: =COUNTIF('مصفوفة الربط'!F2:F126,"*GAP-T-18*") -> 1
A93: GAP-T-19 | B93: فجوات بنية التقنية والأمن السيبراني | C93: وجود بعض مراكز البيانات لا تدعم المرافق الأساسية | D93: =COUNTIF('مصفوفة الربط'!F2:F126,"*GAP-T-19*") -> 5
A94: GAP-T-20 | B94: فجوات بنية التقنية والأمن السيبراني | C94: عدم توفر خدمة نشر وإدارة التكوين التلقائي Automation مما يؤدي إلى تباطؤ عمليات النشر | D94: =COUNTIF('مصفوفة الربط'!F2:F126,"*GAP-T-20*") -> 4
