Workbook

Sheet Q2 بيانات
A1: اسم المشروع | B1: بداية مخططة | C1: نهاية مخططة | D1: بداية فعلية | E1: Q1 | F1: Q2 | G1: الحالة في نهاية الربع | H1: الانحراف | I1: مستوى المخاطر | J1: ملاحظات | K1: تحديات من تقارير PMO | L1: تحليل ممارسة البنية المؤسسية | M1: توصية ممارسة البنية المؤسسية
A2: تركيب وتشغيل اداة المحاكاة الافتراضية للبيانات | B2: Q4 2024 | C2: Q3 2025 | D2: Q4 2024 | E2: 40 | F2: 60 | G2: متقدم عن الخطة | H2: Ahead | I2: Low | J2: تقدم أعلى من المتوقع في نهاية الربع 2. | K2: تعدد مصادر البيانات وضعف توحيد معرّفات الكيانات بين الأنظمة المختلفة. | L2: أداة المحاكاة الافتراضية للبيانات تعزز قدرات الاختبار والتحليل الآمن دون لمس البيانات الحقيقية. | M2: ربط الأداة بإطار حوكمة البيانات وتحديد سياسات واضحة لاستخدام النسخ الافتراضية في مشاريع التحول.
A3: مشروع توفير نظام للاختبارات الطارئة | B3: Q1 2024 | C3: Q4 2025 | D3: Q1 2024 | E3: 40 | F3: 70 | G3: متقدم عن الخطة | H3: Ahead | I3: Low | J3: تقدم أعلى من المتوقع في نهاية الربع 2. | K3: تداخل المتطلبات بين الاختبارات التشغيلية والاختبارات الطارئة وصعوبة ترتيب الأولويات. | L3: النظام يمثل قدرة حرجة لاستمرارية أعمال الاختبارات ويدعم جاهزية الطوارئ. | M3: توحيد معمارية منصات الاختبارات وربط سيناريوهات الطوارئ بخطط استمرارية الأعمال المعتمدة.
A4: تطبيق مستقبلهم – الدعم الفني | B4: Q2 2024 | C4: Q2 2025 | D4: Q2 2024 | E4: 50 | F4: 90.6 | G4: متقدم عن الخطة | H4: Ahead | I4: Low | J4: تقدم أعلى من المتوقع في نهاية الربع 2. | K4: تغييرات متكررة على تقارير أولياء الأمور وتأخر اعتماد النسخة النهائية من أصحاب المصلحة. | L4: التطبيق يمثل قناة رئيسية لتواصل الهيئة مع الطلاب وأولياء الأمور ويؤثر مباشرة على تجربة المستفيد. | M4: تفعيل حوكمة إدارة المتطلبات وتثبيت إصدارات واضحة للتطبيق مع دورات تحسين أسرع وأخف.
A5: النظام المحدث لتطبيق الاختبارات الرقمية | B5: Q3 2024 | C5: Q4 2025 | D5: Q4 2024 | E5: 30 | F5: 60 | G5: متقدم عن الخطة | H5: Ahead | I5: Low | J5: تقدم أعلى من المتوقع في نهاية الربع 2. | K5: انتقال تدريجي من النسخة القديمة إلى النسخة المحدثة مع الحاجة للحفاظ على الاستقرار التشغيلي. | L5: تحديث التطبيق الرقمي للاختبارات عنصر أساس في رحلة التحول من الاختبارات الورقية إلى الرقمية بالكامل. | M5: اعتماد معمارية طبقية للتطبيق وفصل طبقة واجهة المستفيد عن محرك الاختبار لضمان المرونة والتوسع.
A6: تأسيس وتنفيذ وتشغيل البنية المؤسسية في هيئة تقويم التعليم والتدريب | B6: Q1 2025 | C6: Q4 2025 | D6: Q1 2025 | E6: 15 | F6: 35 | G6: متأخر | H6: Behind | I6: High | J6: تقدم أقل من المخطط في نهاية الربع 2. | K6: قلة الموارد المخصصة للممارسة وتعدد الطلبات الاستشارية دون أولوية واضحة. | L6: الممارسة في طور التأسيس ولا تزال في مرحلة بناء النموذج التشغيلي والأدوار والمسؤوليات. | M6: استكمال تصميم نموذج تشغيل ممارسة البنية المؤسسية وربطه رسمياً بدورة حوكمة المشاريع والمشتريات.
A7: مشروع البنية التحتية لنظام سطح المكتب الافتراضي VDI | B7: Q4 2024 | C7: Q4 2025 | D7: Q4 2024 | E7: 30 | F7: 55 | G7: حسب المخطط | H7: On Track | I7: Medium | J7: تقدم قريب من الخطة في نهاية الربع 2. | K7: تفاوت أداء بيئة VDI بين المقر الرئيس والفروع واعتمادية التجربة على جودة الاتصال. | L7: VDI قدرة تمكينية مهمة للعمل عن بعد ولتوفير بيئات اختبار وتطوير مرنة بحقوق وصول منضبطة. | M7: ربط تصميم VDI بمعمارية الهوية والوصول الموحد وتوحيد سياسات الملفات والتخزين للمستخدمين.
A8: نظام الاعتماد | B8: Q4 2024 | C8: Q4 2026 | D8: Q4 2024 | E8: 20 | F8: 40 | G8: حسب المخطط | H8: On Track | I8: Medium | J8: تقدم قريب من الخطة في نهاية الربع 2. | K8: تعقيد الرحلات والإجراءات بين مراكز الهيئة وتنوع المتطلبات لكل نوع من الاعتماد. | L8: نظام الاعتماد هو القلب التشغيلي لأعمال الهيئة ويجب أن يعكس النماذج المرجعية للاعتماد. | M8: نمذجة Journey كاملة لرحلة الاعتماد وربطها بنماذج بيانات موحدة وإجراءات رقمية معيارية.
A9: نظام الاتصالات الإدارية | B9: Q1 2024 | C9: Q2 2025 | D9: Q1 2024 | E9: 60 | F9: 75 | G9: متقدم عن الخطة | H9: Ahead | I9: Low | J9: تقدم أعلى من المتوقع في نهاية الربع 2. | K9: تأخر مركز الوثائق والمحفوظات في اعتماد الوضع الراهن والمقترح وحصر الأعمال. | L9: النظام جزء أساسي من دورة حياة الوثائق والتراسل الداخلي، ويؤثر على الشفافية وسرعة الإنجاز. | M9: ربط نظام الاتصالات الإدارية مع تصنيف الوثائق وأرشفتها رقمياً وإدخال نماذج موحدة للإجراءات.

Sheet لوحة Q2
A1: لوحة متابعة الربع Q2
A3: إجمالي عدد المشاريع في هذا الربع | B3: =COUNTA('Q2 بيانات'!#REF!) -> 1
A4: متوسط التقدم في الربع Q2 | B4: =AVERAGE('Q2 بيانات'!F2:F9) -> 60.7
A5: عدد المشاريع عالية المخاطر في هذا الربع | B5: =COUNTIF('Q2 بيانات'!I2:I9,"High") -> 1
A8: اسم المشروع | B8: تقدم الربع Q2
A9: ='Q2 بيانات'!A2 -> تركيب وتشغيل اداة المحاكاة الافتراضية للبيانات | B9: ='Q2 بيانات'!F2 -> 60
A10: ='Q2 بيانات'!A3 -> مشروع توفير نظام للاختبارات الطارئة | B10: ='Q2 بيانات'!F3 -> 70
A11: ='Q2 بيانات'!A4 -> تطبيق مستقبلهم – الدعم الفني | B11: ='Q2 بيانات'!F4 -> 90.6
A12: ='Q2 بيانات'!A5 -> النظام المحدث لتطبيق الاختبارات الرقمية | B12: ='Q2 بيانات'!F5 -> 60
A13: ='Q2 بيانات'!A6 -> تأسيس وتنفيذ وتشغيل البنية المؤسسية في هيئة تقويم التعليم والتدريب | B13: ='Q2 بيانات'!F6 -> 35
A14: ='Q2 بيانات'!A7 -> مشروع البنية التحتية لنظام سطح المكتب الافتراضي VDI | B14: ='Q2 بيانات'!F7 -> 55
A15: ='Q2 بيانات'!A8 -> نظام الاعتماد | B15: ='Q2 بيانات'!F8 -> 40
A16: ='Q2 بيانات'!A9 -> نظام الاتصالات الإدارية | B16: ='Q2 بيانات'!F9 -> 75
A30: مستوى المخاطر | B30: عدد المشاريع
A31: High | B31: =COUNTIF('Q2 بيانات'!I2:I9,"High") -> 1
A32: Medium | B32: =COUNTIF('Q2 بيانات'!I2:I9,"Medium") -> 2
A33: Low | B33: =COUNTIF('Q2 بيانات'!I2:I9,"Low") -> 5
