Workbook
Name deadline: Inputs!$B$5
Name project_start: Inputs!$B$6
Name project_end: Inputs!$B$7
Name project_finish: 'Critical-Path'!$L$2

Sheet Inputs
A1: Project Metadata | D1: ℹ️ كل القيم في هذه الورقة هي INPUT. عَدِّل هنا فقط — كل الأوراق الأخرى ترجع لها.
A2: agency | B2: etec
A3: agency_name_ar | B3: هيئة تقويم التعليم والتدريب
A4: project_name | B4: ETEC NORA Submission Package
A5: deadline | B5: 46234
A6: project_start | B6: 45474
A7: project_end | B7: 46234
A8: source_commit | B8: 3a2082d
A9: schema_version | B9: 0.1
A10: generated_date | B10: 46144
A13: Status Legend
A14: status_id | B14: color_hex | C14: description_ar
A15: completed | B15: C6EFCE | C15: مكتمل — تم تنفيذه وتسليمه فعليًا
A16: completed-no-formal-doc | B16: FFEB9C | C16: مكتمل دون وثيقة رسمية — توليد رجعي مطلوب في M3+M4
A17: PENDING-M3 | B17: FFC7CE | C17: مُعلَّق للتوليد في M3 (schemas)
A18: PENDING-M4 | B18: FCD5CE | C18: مُعلَّق للتوليد في M4 (templates+content)
A19: PLANNED-M5 | B19: D9D9D9 | C19: مُخطَّط لـ M5 (تجميع ملف التقديم)
A20: PLANNED | B20: BFBFBF | C20: مُخطَّط (لم يَبدأ بعد)
A23: Phase Legend
A24: phase_id | B24: color_hex | C24: label_ar
A25: foundation | B25: DDEBF7 | C25: مرحلة التأسيس
A26: cycle_1 | B26: E2EFDA | C26: الدورة الأولى
A27: cycle_2_trigger | B27: FFF2CC | C27: أحداث إطلاق الدورة الثانية
A28: cycle_2 | B28: FCE4D6 | C28: الدورة الثانية
A29: submission | B29: F4B084 | C29: ملف التقديم

Sheet Tasks
A1: id | B1: name_ar | C1: phase | D1: level | E1: parent_id | F1: start_date | G1: duration_days | H1: end_date | I1: dga_phase | J1: deliverable_ids | K1: evidence_count | L1: adjustment_ref | M1: role_in_scenario | N1: status | O1: period_label_ar | P1: notes_ar
A2: T-F01 | B2: تأسيس الوحدة التنظيمية للبنية المؤسسية | C2: foundation | D2: parent | F2: 45474 | G2: 184 | H2: =F2+G2 | I2: A | J2: DEL-DEC-001, DEL-DEC-002, DEL-DOC-001, DEL-DOC-003, DEL-DOC-004, DEL-DOC-005, DEL-DOC-006, DEL-DOC-007, DEL-DOC-008, DEL-DOC-009, DEL-DOC-011, DEL-DOC-012, DEL-DOC-013, DEL-DOC-014, DEL-DOC-018 | K2: 0 | L2: أ | M2: foundation | N2: completed | P2: Parent task؛ يجمع المهام الفرعية T-F01.1 إلى T-F01.7. Evidence مفصَّلة على مستوى المهام الفرعية.
A3: T-F01.1 | B3: تشكيل فريق البنية المؤسسية | C3: foundation | D3: sub | E3: T-F01 | F3: 45505 | G3: 60 | H3: =F3+G3 | I3: A | J3: DEL-DEC-001 | K3: 1 | L3: أ | M3: governance | N3: completed
A4: T-F01.2 | B4: تعيين مدير قسم البنية المؤسسية (كبير المهندسين) | C4: foundation | D4: sub | E4: T-F01 | F4: 45536 | G4: 60 | H4: =F4+G4 | I4: A | J4: DEL-DEC-002 | K4: 1 | L4: أ | M4: governance | N4: completed
A5: T-F01.3 | B5: اعتماد الاستراتيجيات المرجعية للهيئة (الأعمال + الأمن السيبراني) | C5: foundation | D5: sub | E5: T-F01 | F5: 45474 | G5: 92 | H5: =F5+G5 | I5: A | J5: DEL-DOC-001, DEL-DOC-003 | K5: 3 | L5: أ | M5: foundation | N5: completed | P5: DOC-02 (الاستراتيجية الرقمية للبيانات 2026-2028) تخرج من هذه المهمة وتُؤطَّر في T-CT-01 (Nov 2025) لأنها cycle_2 trigger.
A6: T-F01.4 | B6: إعداد استراتيجية البنية المؤسسية (v1) | C6: foundation | D6: sub | E6: T-F01 | F6: 45536 | G6: 122 | H6: =F6+G6 | I6: A | J6: DEL-DOC-004 | K6: 1 | L6: أ | M6: foundation | N6: completed | P6: النسخة v1 — النسخة v2 المعدَّلة بناءً على Digital Strategy 2026-2028 ستُنتَج في T-CT-05 (Jan 2026).
A7: T-F01.5 | B7: اعتماد الهيكل التنظيمي للوحدة (للهيئة + للتحول الرقمي) | C7: foundation | D7: sub | E7: T-F01 | F7: 45536 | G7: 122 | H7: =F7+G7 | I7: A | J7: DEL-DOC-005 | K7: 2 | L7: أ | M7: foundation | N7: completed
A8: T-F01.6 | B8: إعداد الوثائق التأطيرية (سياسة + مبادئ + مناظير + نماذج مرجعية) | C8: foundation | D8: sub | E8: T-F01 | F8: 45566 | G8: 92 | H8: =F8+G8 | I8: A | J8: DEL-DOC-006, DEL-DOC-012, DEL-DOC-014, DEL-DOC-018, DEL-DOC-013 | K8: 6 | L8: أ | M8: foundation | N8: completed | P8: DOC-13 (النموذج العام لمكونات) ضُمَّ هنا لأنه وثيقة مرجعية لا تخص دورة محددة.
A9: T-F01.7 | B9: إعداد النموذج التشغيلي + الخطة التشغيلية + خطط التوعية والتدريب | C9: foundation | D9: sub | E9: T-F01 | F9: 45597 | G9: 61 | H9: =F9+G9 | I9: A | J9: DEL-DOC-007, DEL-DOC-008, DEL-DOC-009, DEL-DOC-011 | K9: 4 | L9: أ | M9: foundation | N9: completed | P9: الخطة التشغيلية v2 (ETEC-FILE-011) تتطور في cycle 1 — التحديثات تظهر ضمنيًا في T-C1-* operational tasks.
A10: T-C1-01 | B10: تحليل الوضع الحالي (الأعمال + التطبيقات + البيانات) | C10: cycle_1 | D10: task | F10: 45658 | G10: 120 | H10: =F10+G10 | I10: C | J10: DEL-DOC-017 | K10: 3 | L10: ب | M10: cycle-1-as-is | N10: completed-no-formal-doc | P10: AS-IS تمت لـ 3 domains (Business + Apps + Data). Technology domain لا يوجد له وثيقة AS-IS منفصلة. ميثاق الدورة (DOC-16) ووثيقة الدورة (DOC-17 الموحدة) تُولَّدان رجعيًا في M3+M4.
A11: T-C1-02 | B11: تحديد الوضع المستقبلي (الأعمال + التطبيقات + البيانات + التكنولوجيا) | C11: cycle_1 | D11: task | F11: 45689 | G11: 89 | H11: =F11+G11 | I11: C | J11: DEL-DOC-017 | K11: 4 | L11: ب | M11: cycle-1-to-be | N11: completed-no-formal-doc | P11: TO-BE تمت لـ 4 domains (Business + Apps + Data + Tech). ETEC-FILE-022 اسمه إنجليزي (TargetState Technology3.pptx) لكن المحتوى يخدم Technology TO-BE — confidence=low في intake.
A12: T-C1-03 | B12: تحليل الفجوات | C12: cycle_1 | D12: task | F12: 45748 | G12: 30 | H12: =F12+G12 | I12: D | J12: DEL-DOC-017 | K12: 1 | L12: ب | M12: cycle-1-gap | N12: completed-no-formal-doc | P12: وثيقة فجوات موحدة عبر domains. ميثاق دورة 1 (DOC-16) سيؤطر هذه الفجوات رسميًا في M4.
A13: T-C1-04 | B13: تطوير خارطة طريق التحول الرقمي | C13: cycle_1 | D13: task | F13: 45778 | G13: 92 | H13: =F13+G13 | I13: E | J13: DEL-DOC-019 | K13: 2 | M13: operational | N13: completed | P13: خارطة الطريق V1.0 — ستُحدَّث V1.1+ في cycle 2 بناءً على Digital Strategy 2026-2028.
A14: T-C1-05 | B14: إصدار وثيقة متطلبات البنية المؤسسية + سجل المتطلبات | C14: cycle_1 | D14: task | F14: 45748 | G14: 122 | H14: =F14+G14 | I14: B | J14: DEL-DOC-020 | K14: 2 | M14: operational | N14: completed
A15: T-C1-06 | B15: تنفيذ خطة التوعية (ورش + فيديوهات + نشرات + استبيانات) | C15: cycle_1 | D15: task | F15: 45717 | G15: 306 | H15: =F15+G15 | I15: F | J15: DEL-EVI-002 | K15: 9 | M15: awareness-implementation | N15: completed | P15: تنفيذ خطة التوعية DOC-09. evidence_files تشمل 9 ملفات تمثيلية (ورش × 3 + فيديوهات × 2 + استبيانات × 3 + نشرة × 1). إجمالي evidence في الـ inbox = 20 ملف (بقية النشرات في EVI-02/النشرات-التوعوية/ETEC-2-* و ETEC-3-*).
A16: T-C1-07 | B16: تنفيذ خطة التدريب (شهادات TOGAF Foundation للأعضاء) | C16: cycle_1 | D16: task | F16: 45658 | G16: 273 | H16: =F16+G16 | I16: F | J16: DEL-EVI-001 | K16: 5 | M16: training-implementation | N16: completed | P16: 11 شهادة فردية للأعضاء + شهادة عامة + جدول ورشة الخبراء. evidence_files تشمل عينات تمثيلية — التفاصيل الكاملة في intake (12 ملف EVI-01).
A17: T-C1-08 | B17: إصدار التقارير الربعية لـ 2025 (Q1–Q4) | C17: cycle_1 | D17: task | F17: 45748 | G17: 305 | H17: =F17+G17 | I17: F | J17: DEL-RPT-002 | K17: 4 | M17: operational | N17: completed | P17: 4 تقارير ربعية متتابعة. periodic=quarterly.
A18: T-C1-09 | B18: تقرير إغلاق الدورة الأولى | C18: cycle_1 | D18: task | F18: 45870 | G18: 60 | H18: =F18+G18 | I18: F | J18: DEL-RPT-004 | K18: 0 | L18: ج | M18: cycle-1-closure | N18: PENDING-M3 | P18: RPT-04 (تقرير انتهاء دورة) — يُولَّد في M3 بناءً على نتائج cycle 1 + شواهد التنفيذ. مطلوب قبل cycle 2 launch.
A19: T-CT-01 | B19: إصدار الخطة الاستراتيجية للبيانات والتحول الرقمي 2026-2028 | C19: cycle_2_trigger | D19: task | F19: 45962 | G19: 30 | H19: =F19+G19 | I19: external | J19: DEL-DOC-002 | K19: 1 | L19: د | M19: cycle-2-trigger | N19: completed | P19: حدث محوري — يُحرك سلسلة T-CT-02..T-CT-06 لإطلاق دورة 2.
A20: T-CT-02 | B20: محضر اعتماد الاستراتيجية الجديدة | C20: cycle_2_trigger | D20: task | F20: 45976 | G20: 15 | H20: =F20+G20 | I20: A | J20: DEL-MIN-001 | K20: 0 | L20: د | M20: cycle-2-trigger | N20: PENDING-M3 | P20: MIN-01 (محاضر اعتماد مخرجات ممارسة البنية المؤسسية) — يُولَّد في M3.
A21: T-CT-03 | B21: تقرير دراسة أثر التغيير على متطلبات البنية المؤسسية | C21: cycle_2_trigger | D21: task | F21: 45992 | G21: 30 | H21: =F21+G21 | I21: B | J21: DEL-RPT-007 | K21: 0 | M21: cycle-2-trigger | N21: PENDING-M3 | P21: RPT-07 — يبرر إطلاق دورة 2 من زاوية المتطلبات.
A22: T-CT-04 | B22: تقرير دراسة أثر التغيير على مبادئ البنية المؤسسية | C22: cycle_2_trigger | D22: task | F22: 45992 | G22: 30 | H22: =F22+G22 | I22: B | J22: DEL-RPT-008 | K22: 0 | M22: cycle-2-trigger | N22: PENDING-M3 | P22: RPT-08 — يبرر إطلاق دورة 2 من زاوية المبادئ.
A23: T-CT-05 | B23: تحديث استراتيجية البنية المؤسسية (v2) | C23: cycle_2_trigger | D23: task | F23: 46023 | G23: 30 | H23: =F23+G23 | I23: A | J23: DEL-DOC-004 | K23: 0 | L23: د | M23: cycle-2-trigger | N23: PENDING-M3 | P23: النسخة v2 من DOC-04 — مكمِّلة للنسخة v1 المُنتجة في T-F01.4. تعكس التزامات Digital Strategy 2026-2028.
A24: T-CT-06 | B24: قرار إطلاق الدورة الثانية | C24: cycle_2_trigger | D24: task | F24: 46037 | G24: 31 | H24: =F24+G24 | I24: A | J24: DEL-MIN-001 | K24: 0 | L24: د | M24: cycle-2-trigger | N24: PENDING-M3 | P24: محضر إطلاق دورة 2 — قرار رسمي من لجنة الحوكمة.
A25: T-CT-07 | B25: اجتماعات قسم البنية المؤسسية الأسبوعية (Nov 2025 – Jan 2026) | C25: cycle_2_trigger | D25: task | F25: 45977 | G25: 71 | H25: =F25+G25 | I25: A | J25: DEL-MIN-002 | K25: 12 | M25: operational | N25: completed | P25: 12 محضر — تنسيق أسبوعي حول تحضير cycle 2. periodic=weekly.
A26: T-C2-01 | B26: إصدار ميثاق الدورة الثانية | C26: cycle_2 | D26: task | F26: 46054 | G26: 28 | H26: =F26+G26 | I26: B | J26: DEL-DOC-016 | K26: 0 | L26: ب | M26: cycle-2-charter | N26: PENDING-M4 | P26: DOC-16 (ميثاق دورة) لـ cycle 2 — schema يُبنى في M3، محتوى ETEC-specific في M4.
A27: T-C2-02 | B27: إعادة محاذاة الوضع المستقبلي للبنية المؤسسية | C27: cycle_2 | D27: task | F27: 46068 | G27: 75 | H27: =F27+G27 | I27: C | J27: DEL-DOC-017 | K27: 0 | L27: هـ | M27: cycle-2-realignment | N27: PENDING-M4 | P27: تحديث TO-BE للـ 4 domains بناءً على Digital Strategy 2026-2028 + EA Strategy v2.
A28: T-C2-03 | B28: إعادة محاذاة خارطة الطريق | C28: cycle_2 | D28: task | F28: 46113 | G28: 60 | H28: =F28+G28 | I28: E | J28: DEL-DOC-019 | K28: 0 | M28: cycle-2-realignment | N28: PENDING-M4 | P28: خارطة الطريق V1.1+ — تعكس مشاريع جديدة من Digital Strategy 2026-2028.
A29: T-C2-04 | B29: تطبيق تحسينات على وثائق التأطير (بناءً على feedback دورة 1) | C29: cycle_2 | D29: task | F29: 46054 | G29: 150 | H29: =F29+G29 | I29: A | J29: DEL-DOC-006, DEL-DOC-012, DEL-DOC-014, DEL-DOC-018 | K29: 0 | M29: cycle-2-improvement | N29: PENDING-M4 | P29: تحديثات صغيرة على policies + principles + perspectives + reference models بناءً على دروس cycle 1.
A30: T-C2-05 | B30: تقرير إغلاق الدورة الثانية | C30: cycle_2 | D30: task | F30: 46188 | G30: 16 | H30: =F30+G30 | I30: F | J30: DEL-RPT-004 | K30: 0 | M30: cycle-2-closure | N30: PENDING-M4 | P30: RPT-04 لـ cycle 2 — توثيق الإنجاز قبل التقديم.
A31: T-SUB-01 | B31: إصدار الميثاق العام لدورات تطوير مكونات البنية المؤسسية | C31: submission | D31: task | F31: 46174 | G31: 15 | H31: =F31+G31 | I31: B | J31: DEL-DOC-015 | K31: 0 | L31: هـ | M31: submission-charter | N31: PENDING-M3 | P31: DOC-15 (الميثاق العام) — يخدم كل دورات الممارسة (rétrospectivement لـ cycle 1 + بشكل مستقبلي لـ cycle 2). schema في M3، محتوى في M4.
A32: T-SUB-02 | B32: تجميع ملف التقديم (Submission Package) | C32: submission | D32: task | F32: 46188 | G32: 31 | H32: =F32+G32 | I32: F | K32: 0 | M32: submission | N32: PLANNED-M5 | P32: تجميع submission-package/ بترتيب: 00-cover / 10-foundation / 20-cycle-1 / 30-cycle-2 / 99-evidence-map.json.
A33: T-SUB-03 | B33: التقديم الرسمي للجنة التقييم | C33: submission | D33: task | F33: 46218 | G33: 16 | H33: =F33+G33 | I33: F | K33: 0 | M33: submission | N33: PLANNED | P33: deadline = 2026-07-31.
A35: ℹ️ INPUT (أزرق) = تُعدَّل هنا. COMPUTED (أخضر) = صيغة، لا تَلمسها.

Sheet Dependencies
A1: parent_id | B1: child_id | C1: lag_days | D1: parent_name_ar | E1: child_name_ar | F1: parent_EF | G1: child_LS
A2: T-F01.1 | B2: T-F01.2 | C2: 0 | D2: =XLOOKUP(A2,Tasks!$A$2:$A$33,Tasks!$B$2:$B$33,"") | E2: =XLOOKUP(B2,Tasks!$A$2:$A$33,Tasks!$B$2:$B$33,"") | F2: =IFERROR(XLOOKUP(A2,'Critical-Path'!$A$2:$A$33,'Critical-Path'!$E$2:$E$33),0) | G2: =IFERROR(XLOOKUP(B2,'Critical-Path'!$A$2:$A$33,'Critical-Path'!$F$2:$F$33),project_finish)
A3: T-F01.1 | B3: T-F01.4 | C3: 0 | D3: =XLOOKUP(A3,Tasks!$A$2:$A$33,Tasks!$B$2:$B$33,"") | E3: =XLOOKUP(B3,Tasks!$A$2:$A$33,Tasks!$B$2:$B$33,"") | F3: =IFERROR(XLOOKUP(A3,'Critical-Path'!$A$2:$A$33,'Critical-Path'!$E$2:$E$33),0) | G3: =IFERROR(XLOOKUP(B3,'Critical-Path'!$A$2:$A$33,'Critical-Path'!$F$2:$F$33),project_finish)
A4: T-F01.3 | B4: T-F01.4 | C4: 0 | D4: =XLOOKUP(A4,Tasks!$A$2:$A$33,Tasks!$B$2:$B$33,"") | E4: =XLOOKUP(B4,Tasks!$A$2:$A$33,Tasks!$B$2:$B$33,"") | F4: =IFERROR(XLOOKUP(A4,'Critical-Path'!$A$2:$A$33,'Critical-Path'!$E$2:$E$33),0) | G4: =IFERROR(XLOOKUP(B4,'Critical-Path'!$A$2:$A$33,'Critical-Path'!$F$2:$F$33),project_finish)
A5: T-F01.2 | B5: T-F01.5 | C5: 0 | D5: =XLOOKUP(A5,Tasks!$A$2:$A$33,Tasks!$B$2:$B$33,"") | E5: =XLOOKUP(B5,Tasks!$A$2:$A$33,Tasks!$B$2:$B$33,"") | F5: =IFERROR(XLOOKUP(A5,'Critical-Path'!$A$2:$A$33,'Critical-Path'!$E$2:$E$33),0) | G5: =IFERROR(XLOOKUP(B5,'Critical-Path'!$A$2:$A$33,'Critical-Path'!$F$2:$F$33),project_finish)
A6: T-F01.4 | B6: T-F01.6 | C6: 0 | D6: =XLOOKUP(A6,Tasks!$A$2:$A$33,Tasks!$B$2:$B$33,"") | E6: =XLOOKUP(B6,Tasks!$A$2:$A$33,Tasks!$B$2:$B$33,"") | F6: =IFERROR(XLOOKUP(A6,'Critical-Path'!$A$2:$A$33,'Critical-Path'!$E$2:$E$33),0) | G6: =IFERROR(XLOOKUP(B6,'Critical-Path'!$A$2:$A$33,'Critical-Path'!$F$2:$F$33),project_finish)
A7: T-F01.6 | B7: T-F01.7 | C7: 0 | D7: =XLOOKUP(A7,Tasks!$A$2:$A$33,Tasks!$B$2:$B$33,"") | E7: =XLOOKUP(B7,Tasks!$A$2:$A$33,Tasks!$B$2:$B$33,"") | F7: =IFERROR(XLOOKUP(A7,'Critical-Path'!$A$2:$A$33,'Critical-Path'!$E$2:$E$33),0) | G7: =IFERROR(XLOOKUP(B7,'Critical-Path'!$A$2:$A$33,'Critical-Path'!$F$2:$F$33),project_finish)
A8: T-F01.4 | B8: T-C1-01 | C8: 0 | D8: =XLOOKUP(A8,Tasks!$A$2:$A$33,Tasks!$B$2:$B$33,"") | E8: =XLOOKUP(B8,Tasks!$A$2:$A$33,Tasks!$B$2:$B$33,"") | F8: =IFERROR(XLOOKUP(A8,'Critical-Path'!$A$2:$A$33,'Critical-Path'!$E$2:$E$33),0) | G8: =IFERROR(XLOOKUP(B8,'Critical-Path'!$A$2:$A$33,'Critical-Path'!$F$2:$F$33),project_finish)
A9: T-F01.6 | B9: T-C1-01 | C9: 0 | D9: =XLOOKUP(A9,Tasks!$A$2:$A$33,Tasks!$B$2:$B$33,"") | E9: =XLOOKUP(B9,Tasks!$A$2:$A$33,Tasks!$B$2:$B$33,"") | F9: =IFERROR(XLOOKUP(A9,'Critical-Path'!$A$2:$A$33,'Critical-Path'!$E$2:$E$33),0) | G9: =IFERROR(XLOOKUP(B9,'Critical-Path'!$A$2:$A$33,'Critical-Path'!$F$2:$F$33),project_finish)
A10: T-C1-01 | B10: T-C1-02 | C10: 0 | D10: =XLOOKUP(A10,Tasks!$A$2:$A$33,Tasks!$B$2:$B$33,"") | E10: =XLOOKUP(B10,Tasks!$A$2:$A$33,Tasks!$B$2:$B$33,"") | F10: =IFERROR(XLOOKUP(A10,'Critical-Path'!$A$2:$A$33,'Critical-Path'!$E$2:$E$33),0) | G10: =IFERROR(XLOOKUP(B10,'Critical-Path'!$A$2:$A$33,'Critical-Path'!$F$2:$F$33),project_finish)
A11: T-C1-01 | B11: T-C1-03 | C11: 0 | D11: =XLOOKUP(A11,Tasks!$A$2:$A$33,Tasks!$B$2:$B$33,"") | E11: =XLOOKUP(B11,Tasks!$A$2:$A$33,Tasks!$B$2:$B$33,"") | F11: =IFERROR(XLOOKUP(A11,'Critical-Path'!$A$2:$A$33,'Critical-Path'!$E$2:$E$33),0) | G11: =IFERROR(XLOOKUP(B11,'Critical-Path'!$A$2:$A$33,'Critical-Path'!$F$2:$F$33),project_finish)
A12: T-C1-02 | B12: T-C1-03 | C12: 0 | D12: =XLOOKUP(A12,Tasks!$A$2:$A$33,Tasks!$B$2:$B$33,"") | E12: =XLOOKUP(B12,Tasks!$A$2:$A$33,Tasks!$B$2:$B$33,"") | F12: =IFERROR(XLOOKUP(A12,'Critical-Path'!$A$2:$A$33,'Critical-Path'!$E$2:$E$33),0) | G12: =IFERROR(XLOOKUP(B12,'Critical-Path'!$A$2:$A$33,'Critical-Path'!$F$2:$F$33),project_finish)
A13: T-C1-03 | B13: T-C1-04 | C13: 0 | D13: =XLOOKUP(A13,Tasks!$A$2:$A$33,Tasks!$B$2:$B$33,"") | E13: =XLOOKUP(B13,Tasks!$A$2:$A$33,Tasks!$B$2:$B$33,"") | F13: =IFERROR(XLOOKUP(A13,'Critical-Path'!$A$2:$A$33,'Critical-Path'!$E$2:$E$33),0) | G13: =IFERROR(XLOOKUP(B13,'Critical-Path'!$A$2:$A$33,'Critical-Path'!$F$2:$F$33),project_finish)
... A38: T-SUB-02 | B38: T-SUB-03 | C38: 0 | D38: =XLOOKUP(A38,Tasks!$A$2:$A$33,Tasks!$B$2:$B$33,"") | E38: =XLOOKUP(B38,Tasks!$A$2:$A$33,Tasks!$B$2:$B$33,"") | F38: =IFERROR(XLOOKUP(A38,'Critical-Path'!$A$2:$A$33,'Critical-Path'!$E$2:$E$33),0) | G38: =IFERROR(XLOOKUP(B38,'Critical-Path'!$A$2:$A$33,'Critical-Path'!$F$2:$F$33),project_finish)

Sheet Critical-Path
A1: task_id | B1: name_ar | C1: duration | D1: ES | E1: EF | F1: LS | G1: LF | H1: slack | I1: is_critical | L1: project_finish
A2: =Tasks!A2 | B2: =Tasks!B2 | C2: =Tasks!G2 | D2: =IFERROR(MAXIFS(Dependencies!$F$2:$F$38,Dependencies!$B$2:$B$38,A2),0) | E2: =D2+C2 | F2: =G2-C2 | G2: =IFERROR(MINIFS(Dependencies!$G$2:$G$38,Dependencies!$A$2:$A$38,A2),project_finish) | H2: =F2-D2 | I2: =IF(H2=0,"YES","NO") | L2: =MAX(E2:E33)
A3: =Tasks!A3 | B3: =Tasks!B3 | C3: =Tasks!G3 | D3: =IFERROR(MAXIFS(Dependencies!$F$2:$F$38,Dependencies!$B$2:$B$38,A3),0) | E3: =D3+C3 | F3: =G3-C3 | G3: =IFERROR(MINIFS(Dependencies!$G$2:$G$38,Dependencies!$A$2:$A$38,A3),project_finish) | H3: =F3-D3 | I3: =IF(H3=0,"YES","NO")
A4: =Tasks!A4 | B4: =Tasks!B4 | C4: =Tasks!G4 | D4: =IFERROR(MAXIFS(Dependencies!$F$2:$F$38,Dependencies!$B$2:$B$38,A4),0) | E4: =D4+C4 | F4: =G4-C4 | G4: =IFERROR(MINIFS(Dependencies!$G$2:$G$38,Dependencies!$A$2:$A$38,A4),project_finish) | H4: =F4-D4 | I4: =IF(H4=0,"YES","NO") | L4: critical_count
A5: =Tasks!A5 | B5: =Tasks!B5 | C5: =Tasks!G5 | D5: =IFERROR(MAXIFS(Dependencies!$F$2:$F$38,Dependencies!$B$2:$B$38,A5),0) | E5: =D5+C5 | F5: =G5-C5 | G5: =IFERROR(MINIFS(Dependencies!$G$2:$G$38,Dependencies!$A$2:$A$38,A5),project_finish) | H5: =F5-D5 | I5: =IF(H5=0,"YES","NO") | L5: =COUNTIF(I2:I33,"YES")
A6: =Tasks!A6 | B6: =Tasks!B6 | C6: =Tasks!G6 | D6: =IFERROR(MAXIFS(Dependencies!$F$2:$F$38,Dependencies!$B$2:$B$38,A6),0) | E6: =D6+C6 | F6: =G6-C6 | G6: =IFERROR(MINIFS(Dependencies!$G$2:$G$38,Dependencies!$A$2:$A$38,A6),project_finish) | H6: =F6-D6 | I6: =IF(H6=0,"YES","NO")
A7: =Tasks!A7 | B7: =Tasks!B7 | C7: =Tasks!G7 | D7: =IFERROR(MAXIFS(Dependencies!$F$2:$F$38,Dependencies!$B$2:$B$38,A7),0) | E7: =D7+C7 | F7: =G7-C7 | G7: =IFERROR(MINIFS(Dependencies!$G$2:$G$38,Dependencies!$A$2:$A$38,A7),project_finish) | H7: =F7-D7 | I7: =IF(H7=0,"YES","NO")
A8: =Tasks!A8 | B8: =Tasks!B8 | C8: =Tasks!G8 | D8: =IFERROR(MAXIFS(Dependencies!$F$2:$F$38,Dependencies!$B$2:$B$38,A8),0) | E8: =D8+C8 | F8: =G8-C8 | G8: =IFERROR(MINIFS(Dependencies!$G$2:$G$38,Dependencies!$A$2:$A$38,A8),project_finish) | H8: =F8-D8 | I8: =IF(H8=0,"YES","NO")
A9: =Tasks!A9 | B9: =Tasks!B9 | C9: =Tasks!G9 | D9: =IFERROR(MAXIFS(Dependencies!$F$2:$F$38,Dependencies!$B$2:$B$38,A9),0) | E9: =D9+C9 | F9: =G9-C9 | G9: =IFERROR(MINIFS(Dependencies!$G$2:$G$38,Dependencies!$A$2:$A$38,A9),project_finish) | H9: =F9-D9 | I9: =IF(H9=0,"YES","NO")
A10: =Tasks!A10 | B10: =Tasks!B10 | C10: =Tasks!G10 | D10: =IFERROR(MAXIFS(Dependencies!$F$2:$F$38,Dependencies!$B$2:$B$38,A10),0) | E10: =D10+C10 | F10: =G10-C10 | G10: =IFERROR(MINIFS(Dependencies!$G$2:$G$38,Dependencies!$A$2:$A$38,A10),project_finish) | H10: =F10-D10 | I10: =IF(H10=0,"YES","NO")
A11: =Tasks!A11 | B11: =Tasks!B11 | C11: =Tasks!G11 | D11: =IFERROR(MAXIFS(Dependencies!$F$2:$F$38,Dependencies!$B$2:$B$38,A11),0) | E11: =D11+C11 | F11: =G11-C11 | G11: =IFERROR(MINIFS(Dependencies!$G$2:$G$38,Dependencies!$A$2:$A$38,A11),project_finish) | H11: =F11-D11 | I11: =IF(H11=0,"YES","NO")
A12: =Tasks!A12 | B12: =Tasks!B12 | C12: =Tasks!G12 | D12: =IFERROR(MAXIFS(Dependencies!$F$2:$F$38,Dependencies!$B$2:$B$38,A12),0) | E12: =D12+C12 | F12: =G12-C12 | G12: =IFERROR(MINIFS(Dependencies!$G$2:$G$38,Dependencies!$A$2:$A$38,A12),project_finish) | H12: =F12-D12 | I12: =IF(H12=0,"YES","NO")
A13: =Tasks!A13 | B13: =Tasks!B13 | C13: =Tasks!G13 | D13: =IFERROR(MAXIFS(Dependencies!$F$2:$F$38,Dependencies!$B$2:$B$38,A13),0) | E13: =D13+C13 | F13: =G13-C13 | G13: =IFERROR(MINIFS(Dependencies!$G$2:$G$38,Dependencies!$A$2:$A$38,A13),project_finish) | H13: =F13-D13 | I13: =IF(H13=0,"YES","NO")
A14: =Tasks!A14 | B14: =Tasks!B14 | C14: =Tasks!G14 | D14: =IFERROR(MAXIFS(Dependencies!$F$2:$F$38,Dependencies!$B$2:$B$38,A14),0) | E14: =D14+C14 | F14: =G14-C14 | G14: =IFERROR(MINIFS(Dependencies!$G$2:$G$38,Dependencies!$A$2:$A$38,A14),project_finish) | H14: =F14-D14 | I14: =IF(H14=0,"YES","NO")
A15: =Tasks!A15 | B15: =Tasks!B15 | C15: =Tasks!G15 | D15: =IFERROR(MAXIFS(Dependencies!$F$2:$F$38,Dependencies!$B$2:$B$38,A15),0) | E15: =D15+C15 | F15: =G15-C15 | G15: =IFERROR(MINIFS(Dependencies!$G$2:$G$38,Dependencies!$A$2:$A$38,A15),project_finish) | H15: =F15-D15 | I15: =IF(H15=0,"YES","NO")
A16: =Tasks!A16 | B16: =Tasks!B16 | C16: =Tasks!G16 | D16: =IFERROR(MAXIFS(Dependencies!$F$2:$F$38,Dependencies!$B$2:$B$38,A16),0) | E16: =D16+C16 | F16: =G16-C16 | G16: =IFERROR(MINIFS(Dependencies!$G$2:$G$38,Dependencies!$A$2:$A$38,A16),project_finish) | H16: =F16-D16 | I16: =IF(H16=0,"YES","NO")
A17: =Tasks!A17 | B17: =Tasks!B17 | C17: =Tasks!G17 | D17: =IFERROR(MAXIFS(Dependencies!$F$2:$F$38,Dependencies!$B$2:$B$38,A17),0) | E17: =D17+C17 | F17: =G17-C17 | G17: =IFERROR(MINIFS(Dependencies!$G$2:$G$38,Dependencies!$A$2:$A$38,A17),project_finish) | H17: =F17-D17 | I17: =IF(H17=0,"YES","NO")
... A33: =Tasks!A33 | B33: =Tasks!B33 | C33: =Tasks!G33 | D33: =IFERROR(MAXIFS(Dependencies!$F$2:$F$38,Dependencies!$B$2:$B$38,A33),0) | E33: =D33+C33 | F33: =G33-C33 | G33: =IFERROR(MINIFS(Dependencies!$G$2:$G$38,Dependencies!$A$2:$A$38,A33),project_finish) | H33: =F33-D33 | I33: =IF(H33=0,"YES","NO")

Sheet Timeline-Gantt
A1: id | B1: name_ar | C1: phase | D1: status | E1: start_date | F1: end_date | G1: 45474 | H1: 45505 | I1: 45536 | J1: 45566 | K1: 45597 | L1: 45627 | M1: 45658 | N1: 45689 | O1: 45717 | P1: 45748 | Q1: 45778 | R1: 45809 | S1: 45839 | T1: 45870 | U1: 45901 | V1: 45931 | W1: 45962 | X1: 45992 | Y1: 46023 | Z1: 46054 | AA1: 46082 | AB1: 46113 | AC1: 46143 | AD1: 46174 | AE1: 46204
A2: =Tasks!A2 | B2: =Tasks!B2 | C2: =Tasks!C2 | D2: =Tasks!N2 | E2: =Tasks!F2 | F2: =Tasks!H2
A3: =Tasks!A3 | B3: =Tasks!B3 | C3: =Tasks!C3 | D3: =Tasks!N3 | E3: =Tasks!F3 | F3: =Tasks!H3
A4: =Tasks!A4 | B4: =Tasks!B4 | C4: =Tasks!C4 | D4: =Tasks!N4 | E4: =Tasks!F4 | F4: =Tasks!H4
A5: =Tasks!A5 | B5: =Tasks!B5 | C5: =Tasks!C5 | D5: =Tasks!N5 | E5: =Tasks!F5 | F5: =Tasks!H5
A6: =Tasks!A6 | B6: =Tasks!B6 | C6: =Tasks!C6 | D6: =Tasks!N6 | E6: =Tasks!F6 | F6: =Tasks!H6
A7: =Tasks!A7 | B7: =Tasks!B7 | C7: =Tasks!C7 | D7: =Tasks!N7 | E7: =Tasks!F7 | F7: =Tasks!H7
A8: =Tasks!A8 | B8: =Tasks!B8 | C8: =Tasks!C8 | D8: =Tasks!N8 | E8: =Tasks!F8 | F8: =Tasks!H8
A9: =Tasks!A9 | B9: =Tasks!B9 | C9: =Tasks!C9 | D9: =Tasks!N9 | E9: =Tasks!F9 | F9: =Tasks!H9
A10: =Tasks!A10 | B10: =Tasks!B10 | C10: =Tasks!C10 | D10: =Tasks!N10 | E10: =Tasks!F10 | F10: =Tasks!H10
A11: =Tasks!A11 | B11: =Tasks!B11 | C11: =Tasks!C11 | D11: =Tasks!N11 | E11: =Tasks!F11 | F11: =Tasks!H11
A12: =Tasks!A12 | B12: =Tasks!B12 | C12: =Tasks!C12 | D12: =Tasks!N12 | E12: =Tasks!F12 | F12: =Tasks!H12
A13: =Tasks!A13 | B13: =Tasks!B13 | C13: =Tasks!C13 | D13: =Tasks!N13 | E13: =Tasks!F13 | F13: =Tasks!H13
... A33: =Tasks!A33 | B33: =Tasks!B33 | C33: =Tasks!C33 | D33: =Tasks!N33 | E33: =Tasks!F33 | F33: =Tasks!H33

Sheet Scenarios
A1: task_id | B1: name_ar | C1: baseline_start | D1: duration | E1: baseline_end | F1: slip_days | G1: adjusted_start | H1: adjusted_end | I1: is_critical | J1: status
A2: =Tasks!A2 | B2: =Tasks!B2 | C2: =Tasks!F2 | D2: =Tasks!G2 | E2: =Tasks!H2 | F2: 0 | G2: =C2+F2 | H2: =E2+F2 | I2: =XLOOKUP(A2,'Critical-Path'!$A$2:$A$33,'Critical-Path'!$I$2:$I$33) | J2: =Tasks!N2
A3: =Tasks!A3 | B3: =Tasks!B3 | C3: =Tasks!F3 | D3: =Tasks!G3 | E3: =Tasks!H3 | F3: 0 | G3: =C3+F3 | H3: =E3+F3 | I3: =XLOOKUP(A3,'Critical-Path'!$A$2:$A$33,'Critical-Path'!$I$2:$I$33) | J3: =Tasks!N3
A4: =Tasks!A4 | B4: =Tasks!B4 | C4: =Tasks!F4 | D4: =Tasks!G4 | E4: =Tasks!H4 | F4: 0 | G4: =C4+F4 | H4: =E4+F4 | I4: =XLOOKUP(A4,'Critical-Path'!$A$2:$A$33,'Critical-Path'!$I$2:$I$33) | J4: =Tasks!N4
A5: =Tasks!A5 | B5: =Tasks!B5 | C5: =Tasks!F5 | D5: =Tasks!G5 | E5: =Tasks!H5 | F5: 0 | G5: =C5+F5 | H5: =E5+F5 | I5: =XLOOKUP(A5,'Critical-Path'!$A$2:$A$33,'Critical-Path'!$I$2:$I$33) | J5: =Tasks!N5
A6: =Tasks!A6 | B6: =Tasks!B6 | C6: =Tasks!F6 | D6: =Tasks!G6 | E6: =Tasks!H6 | F6: 0 | G6: =C6+F6 | H6: =E6+F6 | I6: =XLOOKUP(A6,'Critical-Path'!$A$2:$A$33,'Critical-Path'!$I$2:$I$33) | J6: =Tasks!N6
A7: =Tasks!A7 | B7: =Tasks!B7 | C7: =Tasks!F7 | D7: =Tasks!G7 | E7: =Tasks!H7 | F7: 0 | G7: =C7+F7 | H7: =E7+F7 | I7: =XLOOKUP(A7,'Critical-Path'!$A$2:$A$33,'Critical-Path'!$I$2:$I$33) | J7: =Tasks!N7
A8: =Tasks!A8 | B8: =Tasks!B8 | C8: =Tasks!F8 | D8: =Tasks!G8 | E8: =Tasks!H8 | F8: 0 | G8: =C8+F8 | H8: =E8+F8 | I8: =XLOOKUP(A8,'Critical-Path'!$A$2:$A$33,'Critical-Path'!$I$2:$I$33) | J8: =Tasks!N8
A9: =Tasks!A9 | B9: =Tasks!B9 | C9: =Tasks!F9 | D9: =Tasks!G9 | E9: =Tasks!H9 | F9: 0 | G9: =C9+F9 | H9: =E9+F9 | I9: =XLOOKUP(A9,'Critical-Path'!$A$2:$A$33,'Critical-Path'!$I$2:$I$33) | J9: =Tasks!N9
A10: =Tasks!A10 | B10: =Tasks!B10 | C10: =Tasks!F10 | D10: =Tasks!G10 | E10: =Tasks!H10 | F10: 0 | G10: =C10+F10 | H10: =E10+F10 | I10: =XLOOKUP(A10,'Critical-Path'!$A$2:$A$33,'Critical-Path'!$I$2:$I$33) | J10: =Tasks!N10
A11: =Tasks!A11 | B11: =Tasks!B11 | C11: =Tasks!F11 | D11: =Tasks!G11 | E11: =Tasks!H11 | F11: 0 | G11: =C11+F11 | H11: =E11+F11 | I11: =XLOOKUP(A11,'Critical-Path'!$A$2:$A$33,'Critical-Path'!$I$2:$I$33) | J11: =Tasks!N11
A12: =Tasks!A12 | B12: =Tasks!B12 | C12: =Tasks!F12 | D12: =Tasks!G12 | E12: =Tasks!H12 | F12: 0 | G12: =C12+F12 | H12: =E12+F12 | I12: =XLOOKUP(A12,'Critical-Path'!$A$2:$A$33,'Critical-Path'!$I$2:$I$33) | J12: =Tasks!N12
A13: =Tasks!A13 | B13: =Tasks!B13 | C13: =Tasks!F13 | D13: =Tasks!G13 | E13: =Tasks!H13 | F13: 0 | G13: =C13+F13 | H13: =E13+F13 | I13: =XLOOKUP(A13,'Critical-Path'!$A$2:$A$33,'Critical-Path'!$I$2:$I$33) | J13: =Tasks!N13
... A33: =Tasks!A33 | B33: =Tasks!B33 | C33: =Tasks!F33 | D33: =Tasks!G33 | E33: =Tasks!H33 | F33: 0 | G33: =C33+F33 | H33: =E33+F33 | I33: =XLOOKUP(A33,'Critical-Path'!$A$2:$A$33,'Critical-Path'!$I$2:$I$33) | J33: =Tasks!N33
A36: Submission Summary
A37: Deadline: | C37: =deadline
A38: Adjusted submission end (T-SUB-03): | C38: =H33
A39: Slack to deadline (days): | C39: =C37-H33
A40: Status: | C40: =IF(C39>=0,"ON TRACK","DEADLINE MISSED")
A43: ⚙ كيف تستخدم: غيِّر slip_days لأي مهمة (سالب=تَقديم، موجب=تأخير). تأثيرها على الموعد النهائي يَظهر في صف Slack to deadline.

Sheet DGA-Coverage
A1: deliverable_id | B1: code | C1: name_ar | D1: category | E1: phase_abcdef | F1: etec_file_count | G1: timeline_task_count | H1: coverage_status
A2: DEL-PRE-001 | B2: PRE-01 | C2: اشتراطات التقييم | D2: الاشتراطات | E2: A | F2: =COUNTIF('Files-Mapping'!$B$2:$B$81,A2) | G2: =COUNTIF(Tasks!$J$2:$J$33,"*"&A2&"*") | H2: =IF(AND(F2>0,G2>0),"covered",IF(AND(F2=0,G2>0),"pending-generation",IF(AND(F2>0,G2=0),"orphan-files","not-applicable")))
A3: DEL-PRE-002 | B3: PRE-02 | C3: اشتراطات لجنة حوكمة البنية المؤسسية | D3: الاشتراطات | E3: A | F3: =COUNTIF('Files-Mapping'!$B$2:$B$81,A3) | G3: =COUNTIF(Tasks!$J$2:$J$33,"*"&A3&"*") | H3: =IF(AND(F3>0,G3>0),"covered",IF(AND(F3=0,G3>0),"pending-generation",IF(AND(F3>0,G3=0),"orphan-files","not-applicable")))
A4: DEL-PRE-003 | B4: PRE-03 | C4: اشتراطات عامة | D4: الاشتراطات | E4: A | F4: =COUNTIF('Files-Mapping'!$B$2:$B$81,A4) | G4: =COUNTIF(Tasks!$J$2:$J$33,"*"&A4&"*") | H4: =IF(AND(F4>0,G4>0),"covered",IF(AND(F4=0,G4>0),"pending-generation",IF(AND(F4>0,G4=0),"orphan-files","not-applicable")))
A5: DEL-PRE-004 | B5: PRE-04 | C5: اشتراطات فريق عمل الوحدة التنظيمية للبنية المؤسسية | D5: الاشتراطات | E5: A | F5: =COUNTIF('Files-Mapping'!$B$2:$B$81,A5) | G5: =COUNTIF(Tasks!$J$2:$J$33,"*"&A5&"*") | H5: =IF(AND(F5>0,G5>0),"covered",IF(AND(F5=0,G5>0),"pending-generation",IF(AND(F5>0,G5=0),"orphan-files","not-applicable")))
A6: DEL-DOC-001 | B6: DOC-01 | C6: وثيقة استراتيجية الأعمال | D6: الوثائق | E6: C | F6: =COUNTIF('Files-Mapping'!$B$2:$B$81,A6) | G6: =COUNTIF(Tasks!$J$2:$J$33,"*"&A6&"*") | H6: =IF(AND(F6>0,G6>0),"covered",IF(AND(F6=0,G6>0),"pending-generation",IF(AND(F6>0,G6=0),"orphan-files","not-applicable")))
A7: DEL-DOC-002 | B7: DOC-02 | C7: وثيقة استراتيجية التحول الرقمي | D7: الوثائق | E7: C | F7: =COUNTIF('Files-Mapping'!$B$2:$B$81,A7) | G7: =COUNTIF(Tasks!$J$2:$J$33,"*"&A7&"*") | H7: =IF(AND(F7>0,G7>0),"covered",IF(AND(F7=0,G7>0),"pending-generation",IF(AND(F7>0,G7=0),"orphan-files","not-applicable")))
A8: DEL-DOC-003 | B8: DOC-03 | C8: وثائق الاستراتيجيات الرقمية | D8: الوثائق | E8: C | F8: =COUNTIF('Files-Mapping'!$B$2:$B$81,A8) | G8: =COUNTIF(Tasks!$J$2:$J$33,"*"&A8&"*") | H8: =IF(AND(F8>0,G8>0),"covered",IF(AND(F8=0,G8>0),"pending-generation",IF(AND(F8>0,G8=0),"orphan-files","not-applicable")))
A9: DEL-DOC-004 | B9: DOC-04 | C9: وثيقة استراتيجية البنية المؤسسية | D9: الوثائق | E9: C | F9: =COUNTIF('Files-Mapping'!$B$2:$B$81,A9) | G9: =COUNTIF(Tasks!$J$2:$J$33,"*"&A9&"*") | H9: =IF(AND(F9>0,G9>0),"covered",IF(AND(F9=0,G9>0),"pending-generation",IF(AND(F9>0,G9=0),"orphan-files","not-applicable")))
A10: DEL-DOC-005 | B10: DOC-05 | C10: وثيقة الهيكل التنظيمي للجهة | D10: الوثائق | E10: B | F10: =COUNTIF('Files-Mapping'!$B$2:$B$81,A10) | G10: =COUNTIF(Tasks!$J$2:$J$33,"*"&A10&"*") | H10: =IF(AND(F10>0,G10>0),"covered",IF(AND(F10=0,G10>0),"pending-generation",IF(AND(F10>0,G10=0),"orphan-files","not-applicable")))
A11: DEL-DOC-006 | B11: DOC-06 | C11: وثيقة سياسة البنية المؤسسية | D11: الوثائق | E11: C | F11: =COUNTIF('Files-Mapping'!$B$2:$B$81,A11) | G11: =COUNTIF(Tasks!$J$2:$J$33,"*"&A11&"*") | H11: =IF(AND(F11>0,G11>0),"covered",IF(AND(F11=0,G11>0),"pending-generation",IF(AND(F11>0,G11=0),"orphan-files","not-applicable")))
A12: DEL-DOC-007 | B12: DOC-07 | C12: وثيقة النموذج التشغيلي للبنية المؤسسية | D12: الوثائق | E12: D | F12: =COUNTIF('Files-Mapping'!$B$2:$B$81,A12) | G12: =COUNTIF(Tasks!$J$2:$J$33,"*"&A12&"*") | H12: =IF(AND(F12>0,G12>0),"covered",IF(AND(F12=0,G12>0),"pending-generation",IF(AND(F12>0,G12=0),"orphan-files","not-applicable")))
A13: DEL-DOC-008 | B13: DOC-08 | C13: وثيقة الخطة التشغيلية للبنية المؤسسية | D13: الوثائق | E13: D | F13: =COUNTIF('Files-Mapping'!$B$2:$B$81,A13) | G13: =COUNTIF(Tasks!$J$2:$J$33,"*"&A13&"*") | H13: =IF(AND(F13>0,G13>0),"covered",IF(AND(F13=0,G13>0),"pending-generation",IF(AND(F13>0,G13=0),"orphan-files","not-applicable")))
... A50: DEL-OTH-004 | B50: OTH-04 | C50: بطاقات الوصف الوظيفي | D50: ملفات أخرى | E50: B | F50: =COUNTIF('Files-Mapping'!$B$2:$B$81,A50) | G50: =COUNTIF(Tasks!$J$2:$J$33,"*"&A50&"*") | H50: =IF(AND(F50>0,G50>0),"covered",IF(AND(F50=0,G50>0),"pending-generation",IF(AND(F50>0,G50=0),"orphan-files","not-applicable")))
A53: Coverage Summary
A54: Total deliverables: | C54: =COUNTA(A2:A50)
A55: Covered (files + tasks): | C55: =COUNTIF(H2:H50,"covered")
A56: Pending generation (M3+M4): | C56: =COUNTIF(H2:H50,"pending-generation")
A57: Orphan files (no task ref): | C57: =COUNTIF(H2:H50,"orphan-files")
A58: Not applicable (placeholders): | C58: =COUNTIF(H2:H50,"not-applicable")

Sheet Heatmap
A1: month | B1: foundation | C1: cycle_1 | D1: cycle_2_trigger | E1: cycle_2 | F1: submission | G1: total_active
A2: 45474 | B2: =COUNTIFS(Tasks!$C$2:$C$33,"foundation",Tasks!$F$2:$F$33,"<="&EOMONTH($A2,0),Tasks!$H$2:$H$33,">="&$A2,Tasks!$D$2:$D$33,"<>parent") | C2: =COUNTIFS(Tasks!$C$2:$C$33,"cycle_1",Tasks!$F$2:$F$33,"<="&EOMONTH($A2,0),Tasks!$H$2:$H$33,">="&$A2,Tasks!$D$2:$D$33,"<>parent") | D2: =COUNTIFS(Tasks!$C$2:$C$33,"cycle_2_trigger",Tasks!$F$2:$F$33,"<="&EOMONTH($A2,0),Tasks!$H$2:$H$33,">="&$A2,Tasks!$D$2:$D$33,"<>parent") | E2: =COUNTIFS(Tasks!$C$2:$C$33,"cycle_2",Tasks!$F$2:$F$33,"<="&EOMONTH($A2,0),Tasks!$H$2:$H$33,">="&$A2,Tasks!$D$2:$D$33,"<>parent") | F2: =COUNTIFS(Tasks!$C$2:$C$33,"submission",Tasks!$F$2:$F$33,"<="&EOMONTH($A2,0),Tasks!$H$2:$H$33,">="&$A2,Tasks!$D$2:$D$33,"<>parent") | G2: =SUM(B2:F2)
A3: 45505 | B3: =COUNTIFS(Tasks!$C$2:$C$33,"foundation",Tasks!$F$2:$F$33,"<="&EOMONTH($A3,0),Tasks!$H$2:$H$33,">="&$A3,Tasks!$D$2:$D$33,"<>parent") | C3: =COUNTIFS(Tasks!$C$2:$C$33,"cycle_1",Tasks!$F$2:$F$33,"<="&EOMONTH($A3,0),Tasks!$H$2:$H$33,">="&$A3,Tasks!$D$2:$D$33,"<>parent") | D3: =COUNTIFS(Tasks!$C$2:$C$33,"cycle_2_trigger",Tasks!$F$2:$F$33,"<="&EOMONTH($A3,0),Tasks!$H$2:$H$33,">="&$A3,Tasks!$D$2:$D$33,"<>parent") | E3: =COUNTIFS(Tasks!$C$2:$C$33,"cycle_2",Tasks!$F$2:$F$33,"<="&EOMONTH($A3,0),Tasks!$H$2:$H$33,">="&$A3,Tasks!$D$2:$D$33,"<>parent") | F3: =COUNTIFS(Tasks!$C$2:$C$33,"submission",Tasks!$F$2:$F$33,"<="&EOMONTH($A3,0),Tasks!$H$2:$H$33,">="&$A3,Tasks!$D$2:$D$33,"<>parent") | G3: =SUM(B3:F3)
A4: 45536 | B4: =COUNTIFS(Tasks!$C$2:$C$33,"foundation",Tasks!$F$2:$F$33,"<="&EOMONTH($A4,0),Tasks!$H$2:$H$33,">="&$A4,Tasks!$D$2:$D$33,"<>parent") | C4: =COUNTIFS(Tasks!$C$2:$C$33,"cycle_1",Tasks!$F$2:$F$33,"<="&EOMONTH($A4,0),Tasks!$H$2:$H$33,">="&$A4,Tasks!$D$2:$D$33,"<>parent") | D4: =COUNTIFS(Tasks!$C$2:$C$33,"cycle_2_trigger",Tasks!$F$2:$F$33,"<="&EOMONTH($A4,0),Tasks!$H$2:$H$33,">="&$A4,Tasks!$D$2:$D$33,"<>parent") | E4: =COUNTIFS(Tasks!$C$2:$C$33,"cycle_2",Tasks!$F$2:$F$33,"<="&EOMONTH($A4,0),Tasks!$H$2:$H$33,">="&$A4,Tasks!$D$2:$D$33,"<>parent") | F4: =COUNTIFS(Tasks!$C$2:$C$33,"submission",Tasks!$F$2:$F$33,"<="&EOMONTH($A4,0),Tasks!$H$2:$H$33,">="&$A4,Tasks!$D$2:$D$33,"<>parent") | G4: =SUM(B4:F4)
A5: 45566 | B5: =COUNTIFS(Tasks!$C$2:$C$33,"foundation",Tasks!$F$2:$F$33,"<="&EOMONTH($A5,0),Tasks!$H$2:$H$33,">="&$A5,Tasks!$D$2:$D$33,"<>parent") | C5: =COUNTIFS(Tasks!$C$2:$C$33,"cycle_1",Tasks!$F$2:$F$33,"<="&EOMONTH($A5,0),Tasks!$H$2:$H$33,">="&$A5,Tasks!$D$2:$D$33,"<>parent") | D5: =COUNTIFS(Tasks!$C$2:$C$33,"cycle_2_trigger",Tasks!$F$2:$F$33,"<="&EOMONTH($A5,0),Tasks!$H$2:$H$33,">="&$A5,Tasks!$D$2:$D$33,"<>parent") | E5: =COUNTIFS(Tasks!$C$2:$C$33,"cycle_2",Tasks!$F$2:$F$33,"<="&EOMONTH($A5,0),Tasks!$H$2:$H$33,">="&$A5,Tasks!$D$2:$D$33,"<>parent") | F5: =COUNTIFS(Tasks!$C$2:$C$33,"submission",Tasks!$F$2:$F$33,"<="&EOMONTH($A5,0),Tasks!$H$2:$H$33,">="&$A5,Tasks!$D$2:$D$33,"<>parent") | G5: =SUM(B5:F5)
A6: 45597 | B6: =COUNTIFS(Tasks!$C$2:$C$33,"foundation",Tasks!$F$2:$F$33,"<="&EOMONTH($A6,0),Tasks!$H$2:$H$33,">="&$A6,Tasks!$D$2:$D$33,"<>parent") | C6: =COUNTIFS(Tasks!$C$2:$C$33,"cycle_1",Tasks!$F$2:$F$33,"<="&EOMONTH($A6,0),Tasks!$H$2:$H$33,">="&$A6,Tasks!$D$2:$D$33,"<>parent") | D6: =COUNTIFS(Tasks!$C$2:$C$33,"cycle_2_trigger",Tasks!$F$2:$F$33,"<="&EOMONTH($A6,0),Tasks!$H$2:$H$33,">="&$A6,Tasks!$D$2:$D$33,"<>parent") | E6: =COUNTIFS(Tasks!$C$2:$C$33,"cycle_2",Tasks!$F$2:$F$33,"<="&EOMONTH($A6,0),Tasks!$H$2:$H$33,">="&$A6,Tasks!$D$2:$D$33,"<>parent") | F6: =COUNTIFS(Tasks!$C$2:$C$33,"submission",Tasks!$F$2:$F$33,"<="&EOMONTH($A6,0),Tasks!$H$2:$H$33,">="&$A6,Tasks!$D$2:$D$33,"<>parent") | G6: =SUM(B6:F6)
A7: 45627 | B7: =COUNTIFS(Tasks!$C$2:$C$33,"foundation",Tasks!$F$2:$F$33,"<="&EOMONTH($A7,0),Tasks!$H$2:$H$33,">="&$A7,Tasks!$D$2:$D$33,"<>parent") | C7: =COUNTIFS(Tasks!$C$2:$C$33,"cycle_1",Tasks!$F$2:$F$33,"<="&EOMONTH($A7,0),Tasks!$H$2:$H$33,">="&$A7,Tasks!$D$2:$D$33,"<>parent") | D7: =COUNTIFS(Tasks!$C$2:$C$33,"cycle_2_trigger",Tasks!$F$2:$F$33,"<="&EOMONTH($A7,0),Tasks!$H$2:$H$33,">="&$A7,Tasks!$D$2:$D$33,"<>parent") | E7: =COUNTIFS(Tasks!$C$2:$C$33,"cycle_2",Tasks!$F$2:$F$33,"<="&EOMONTH($A7,0),Tasks!$H$2:$H$33,">="&$A7,Tasks!$D$2:$D$33,"<>parent") | F7: =COUNTIFS(Tasks!$C$2:$C$33,"submission",Tasks!$F$2:$F$33,"<="&EOMONTH($A7,0),Tasks!$H$2:$H$33,">="&$A7,Tasks!$D$2:$D$33,"<>parent") | G7: =SUM(B7:F7)
A8: 45658 | B8: =COUNTIFS(Tasks!$C$2:$C$33,"foundation",Tasks!$F$2:$F$33,"<="&EOMONTH($A8,0),Tasks!$H$2:$H$33,">="&$A8,Tasks!$D$2:$D$33,"<>parent") | C8: =COUNTIFS(Tasks!$C$2:$C$33,"cycle_1",Tasks!$F$2:$F$33,"<="&EOMONTH($A8,0),Tasks!$H$2:$H$33,">="&$A8,Tasks!$D$2:$D$33,"<>parent") | D8: =COUNTIFS(Tasks!$C$2:$C$33,"cycle_2_trigger",Tasks!$F$2:$F$33,"<="&EOMONTH($A8,0),Tasks!$H$2:$H$33,">="&$A8,Tasks!$D$2:$D$33,"<>parent") | E8: =COUNTIFS(Tasks!$C$2:$C$33,"cycle_2",Tasks!$F$2:$F$33,"<="&EOMONTH($A8,0),Tasks!$H$2:$H$33,">="&$A8,Tasks!$D$2:$D$33,"<>parent") | F8: =COUNTIFS(Tasks!$C$2:$C$33,"submission",Tasks!$F$2:$F$33,"<="&EOMONTH($A8,0),Tasks!$H$2:$H$33,">="&$A8,Tasks!$D$2:$D$33,"<>parent") | G8: =SUM(B8:F8)
A9: 45689 | B9: =COUNTIFS(Tasks!$C$2:$C$33,"foundation",Tasks!$F$2:$F$33,"<="&EOMONTH($A9,0),Tasks!$H$2:$H$33,">="&$A9,Tasks!$D$2:$D$33,"<>parent") | C9: =COUNTIFS(Tasks!$C$2:$C$33,"cycle_1",Tasks!$F$2:$F$33,"<="&EOMONTH($A9,0),Tasks!$H$2:$H$33,">="&$A9,Tasks!$D$2:$D$33,"<>parent") | D9: =COUNTIFS(Tasks!$C$2:$C$33,"cycle_2_trigger",Tasks!$F$2:$F$33,"<="&EOMONTH($A9,0),Tasks!$H$2:$H$33,">="&$A9,Tasks!$D$2:$D$33,"<>parent") | E9: =COUNTIFS(Tasks!$C$2:$C$33,"cycle_2",Tasks!$F$2:$F$33,"<="&EOMONTH($A9,0),Tasks!$H$2:$H$33,">="&$A9,Tasks!$D$2:$D$33,"<>parent") | F9: =COUNTIFS(Tasks!$C$2:$C$33,"submission",Tasks!$F$2:$F$33,"<="&EOMONTH($A9,0),Tasks!$H$2:$H$33,">="&$A9,Tasks!$D$2:$D$33,"<>parent") | G9: =SUM(B9:F9)
A10: 45717 | B10: =COUNTIFS(Tasks!$C$2:$C$33,"foundation",Tasks!$F$2:$F$33,"<="&EOMONTH($A10,0),Tasks!$H$2:$H$33,">="&$A10,Tasks!$D$2:$D$33,"<>parent") | C10: =COUNTIFS(Tasks!$C$2:$C$33,"cycle_1",Tasks!$F$2:$F$33,"<="&EOMONTH($A10,0),Tasks!$H$2:$H$33,">="&$A10,Tasks!$D$2:$D$33,"<>parent") | D10: =COUNTIFS(Tasks!$C$2:$C$33,"cycle_2_trigger",Tasks!$F$2:$F$33,"<="&EOMONTH($A10,0),Tasks!$H$2:$H$33,">="&$A10,Tasks!$D$2:$D$33,"<>parent") | E10: =COUNTIFS(Tasks!$C$2:$C$33,"cycle_2",Tasks!$F$2:$F$33,"<="&EOMONTH($A10,0),Tasks!$H$2:$H$33,">="&$A10,Tasks!$D$2:$D$33,"<>parent") | F10: =COUNTIFS(Tasks!$C$2:$C$33,"submission",Tasks!$F$2:$F$33,"<="&EOMONTH($A10,0),Tasks!$H$2:$H$33,">="&$A10,Tasks!$D$2:$D$33,"<>parent") | G10: =SUM(B10:F10)
A11: 45748 | B11: =COUNTIFS(Tasks!$C$2:$C$33,"foundation",Tasks!$F$2:$F$33,"<="&EOMONTH($A11,0),Tasks!$H$2:$H$33,">="&$A11,Tasks!$D$2:$D$33,"<>parent") | C11: =COUNTIFS(Tasks!$C$2:$C$33,"cycle_1",Tasks!$F$2:$F$33,"<="&EOMONTH($A11,0),Tasks!$H$2:$H$33,">="&$A11,Tasks!$D$2:$D$33,"<>parent") | D11: =COUNTIFS(Tasks!$C$2:$C$33,"cycle_2_trigger",Tasks!$F$2:$F$33,"<="&EOMONTH($A11,0),Tasks!$H$2:$H$33,">="&$A11,Tasks!$D$2:$D$33,"<>parent") | E11: =COUNTIFS(Tasks!$C$2:$C$33,"cycle_2",Tasks!$F$2:$F$33,"<="&EOMONTH($A11,0),Tasks!$H$2:$H$33,">="&$A11,Tasks!$D$2:$D$33,"<>parent") | F11: =COUNTIFS(Tasks!$C$2:$C$33,"submission",Tasks!$F$2:$F$33,"<="&EOMONTH($A11,0),Tasks!$H$2:$H$33,">="&$A11,Tasks!$D$2:$D$33,"<>parent") | G11: =SUM(B11:F11)
A12: 45778 | B12: =COUNTIFS(Tasks!$C$2:$C$33,"foundation",Tasks!$F$2:$F$33,"<="&EOMONTH($A12,0),Tasks!$H$2:$H$33,">="&$A12,Tasks!$D$2:$D$33,"<>parent") | C12: =COUNTIFS(Tasks!$C$2:$C$33,"cycle_1",Tasks!$F$2:$F$33,"<="&EOMONTH($A12,0),Tasks!$H$2:$H$33,">="&$A12,Tasks!$D$2:$D$33,"<>parent") | D12: =COUNTIFS(Tasks!$C$2:$C$33,"cycle_2_trigger",Tasks!$F$2:$F$33,"<="&EOMONTH($A12,0),Tasks!$H$2:$H$33,">="&$A12,Tasks!$D$2:$D$33,"<>parent") | E12: =COUNTIFS(Tasks!$C$2:$C$33,"cycle_2",Tasks!$F$2:$F$33,"<="&EOMONTH($A12,0),Tasks!$H$2:$H$33,">="&$A12,Tasks!$D$2:$D$33,"<>parent") | F12: =COUNTIFS(Tasks!$C$2:$C$33,"submission",Tasks!$F$2:$F$33,"<="&EOMONTH($A12,0),Tasks!$H$2:$H$33,">="&$A12,Tasks!$D$2:$D$33,"<>parent") | G12: =SUM(B12:F12)
A13: 45809 | B13: =COUNTIFS(Tasks!$C$2:$C$33,"foundation",Tasks!$F$2:$F$33,"<="&EOMONTH($A13,0),Tasks!$H$2:$H$33,">="&$A13,Tasks!$D$2:$D$33,"<>parent") | C13: =COUNTIFS(Tasks!$C$2:$C$33,"cycle_1",Tasks!$F$2:$F$33,"<="&EOMONTH($A13,0),Tasks!$H$2:$H$33,">="&$A13,Tasks!$D$2:$D$33,"<>parent") | D13: =COUNTIFS(Tasks!$C$2:$C$33,"cycle_2_trigger",Tasks!$F$2:$F$33,"<="&EOMONTH($A13,0),Tasks!$H$2:$H$33,">="&$A13,Tasks!$D$2:$D$33,"<>parent") | E13: =COUNTIFS(Tasks!$C$2:$C$33,"cycle_2",Tasks!$F$2:$F$33,"<="&EOMONTH($A13,0),Tasks!$H$2:$H$33,">="&$A13,Tasks!$D$2:$D$33,"<>parent") | F13: =COUNTIFS(Tasks!$C$2:$C$33,"submission",Tasks!$F$2:$F$33,"<="&EOMONTH($A13,0),Tasks!$H$2:$H$33,">="&$A13,Tasks!$D$2:$D$33,"<>parent") | G13: =SUM(B13:F13)
... A26: 46204 | B26: =COUNTIFS(Tasks!$C$2:$C$33,"foundation",Tasks!$F$2:$F$33,"<="&EOMONTH($A26,0),Tasks!$H$2:$H$33,">="&$A26,Tasks!$D$2:$D$33,"<>parent") | C26: =COUNTIFS(Tasks!$C$2:$C$33,"cycle_1",Tasks!$F$2:$F$33,"<="&EOMONTH($A26,0),Tasks!$H$2:$H$33,">="&$A26,Tasks!$D$2:$D$33,"<>parent") | D26: =COUNTIFS(Tasks!$C$2:$C$33,"cycle_2_trigger",Tasks!$F$2:$F$33,"<="&EOMONTH($A26,0),Tasks!$H$2:$H$33,">="&$A26,Tasks!$D$2:$D$33,"<>parent") | E26: =COUNTIFS(Tasks!$C$2:$C$33,"cycle_2",Tasks!$F$2:$F$33,"<="&EOMONTH($A26,0),Tasks!$H$2:$H$33,">="&$A26,Tasks!$D$2:$D$33,"<>parent") | F26: =COUNTIFS(Tasks!$C$2:$C$33,"submission",Tasks!$F$2:$F$33,"<="&EOMONTH($A26,0),Tasks!$H$2:$H$33,">="&$A26,Tasks!$D$2:$D$33,"<>parent") | G26: =SUM(B26:F26)

Sheet Files-Mapping
A1: file_id | B1: deliverable_id | C1: code | D1: current_path | E1: title_ar | F1: role_in_scenario
A2: ETEC-FILE-001 | B2: DEL-DOC-001 | C2: DOC-01 | D2: 01 وثائق/01 وثيقة استراتيجية الأعمال/الخطة الاستراتيجية للهيئة.pdf | E2: الخطة الاستراتيجية للهيئة | F2: foundation
A3: ETEC-FILE-002 | B3: DEL-DOC-002 | C3: DOC-02 | D3: 01 وثائق/02 وثيقة استراتيجية التحول الرقمي/الخطة الاستراتيجية للبيانات والتحول الرقمي 2026-2028.pdf | E3: الخطة الاستراتيجية للبيانات والتحول الرقمي 2026-2028 | F3: foundation
A4: ETEC-FILE-003 | B4: DEL-DOC-003 | C4: DOC-03 | D4: 01 وثائق/03 وثائق الاستراتيجيات الرقمية/استراتيجية الأمن السيبراني- مراجعة 2024.pdf | E4: استراتيجية الأمن السيبراني- مراجعة 2024 | F4: foundation
A5: ETEC-FILE-004 | B5: DEL-DOC-003 | C5: DOC-03 | D5: 01 وثائق/03 وثائق الاستراتيجيات الرقمية/المبادرات والمشاريع الواردة في استراتيجية الأمن السيبراني.pdf | E5: المبادرات والمشاريع الواردة في استراتيجية الأمن السيبراني | F5: foundation
A6: ETEC-FILE-005 | B6: DEL-DOC-004 | C6: DOC-04 | D6: 01 وثائق/04 وثيقة استراتيجية البنية المؤسسية/استراتيجية البنية المؤسسية.pptx | E6: استراتيجية البنية المؤسسية | F6: foundation
A7: ETEC-FILE-006 | B7: DEL-DOC-005 | C7: DOC-05 | D7: 01 وثائق/05 وثيقة الهيكل التنظيمي للجهة/الهيكل التنظيمي المعتمد للتحول الرقمي.pdf | E7: الهيكل التنظيمي المعتمد للتحول الرقمي | F7: foundation
A8: ETEC-FILE-007 | B8: DEL-DOC-005 | C8: DOC-05 | D8: 01 وثائق/05 وثيقة الهيكل التنظيمي للجهة/الهيكل التنظيمي للهيئة.pdf | E8: الهيكل التنظيمي للهيئة | F8: foundation
A9: ETEC-FILE-008 | B9: DEL-DOC-006 | C9: DOC-06 | D9: 01 وثائق/06 وثيقة سياسة البنية المؤسسية/ETEC - V01.2 - وثيقة معايير البنية المؤسسية.pptx | E9: ETEC - V01.2 - وثيقة معايير البنية المؤسسية | F9: operational
A10: ETEC-FILE-009 | B10: DEL-DOC-006 | C10: DOC-06 | D10: 01 وثائق/06 وثيقة سياسة البنية المؤسسية/سياسات_البنية_المؤسسية.pptx | E10: سياسات_البنية_المؤسسية | F10: operational
A11: ETEC-FILE-010 | B11: DEL-DOC-007 | C11: DOC-07 | D11: 01 وثائق/07 وثيقة النموذج التشغيلي للبنية المؤسسية/ETEC - V1.50 - وثيقة النموذج التشغيلي للبنية المؤسسية.pptx | E11: ETEC - V1.50 - وثيقة النموذج التشغيلي للبنية المؤسسية | F11: operational
A12: ETEC-FILE-011 | B12: DEL-DOC-008 | C12: DOC-08 | D12: 01 وثائق/08 وثيقة الخطة التشغيلية للبنية المؤسسية/الخطة_التشغيلية_للبنية_المؤسسية_v2.docx | E12: الخطة_التشغيلية_للبنية_المؤسسية_v2 | F12: operational
... A81: ETEC-FILE-080 | B81: DEL-EVI-002 | C81: EVI-02 | D81: 05 شواهد/02 إنجاز خطة تعزيز الوعي/ورش التعريف/ورشة التعريف بأساسيات ودور البنية المؤسسية - WS01 __ V0.3.pptx | E81: ورشة التعريف بأساسيات ودور البنية المؤسسية - WS01 __ V0.3 | F81: awareness-workshop
A84: ℹ️ هذه الورقة تَعكس intake/files-index.json. عند تحديث intake، أَعِد تشغيل _build_xlsx_v2.py.
